id,first_name,last_name,email,gender,ip_address
1001,Godfrey,Chasmor,gchasmor0@bbc.co.uk,Genderfluid,209.145.158.162
1001,Tobin,McGready,tmcgready1@vinaora.com,Polygender,253.76.115.78
1001,Cosme,Shirley,cshirley2@prlog.org,Male,247.11.134.173
1001,Sanders,Northidge,snorthidge3@qq.com,Male,92.15.159.127
1001,Derril,Collumbell,dcollumbell4@creativecommons.org,Male,16.171.50.94
1001,Ashlen,Strang,astrang5@zimbio.com,Female,108.100.179.145
1001,Terrye,Volet,tvolet6@dropbox.com,Female,127.196.72.179
1001,Enoch,Gierhard,egierhard7@ocn.ne.jp,Male,20.6.212.101
1001,Tyrus,Manklow,tmanklow8@jigsy.com,Agender,137.30.170.18
1001,Eilis,Rillstone,erillstone9@nba.com,Female,93.123.205.171
1001,Baron,Mabley,bmableya@adobe.com,Male,80.185.119.11
1001,Cookie,Spohrmann,cspohrmannb@buzzfeed.com,Female,225.176.113.116
1001,Patin,Wilsone,pwilsonec@desdev.cn,Male,44.33.226.32
1001,Biddy,Kirdsch,bkirdschd@usa.gov,Female,203.239.231.211
1001,Zenia,Hullbrook,zhullbrooke@hp.com,Female,56.228.180.139
1001,Lodovico,Scain,lscainf@thetimes.co.uk,Male,38.49.189.129
1001,Shaw,Reeds,sreedsg@dedecms.com,Male,139.192.154.37
1001,Flory,Restorick,frestorickh@loc.gov,Male,22.96.196.137
1001,Clea,Thing,cthingi@samsung.com,Female,192.208.38.13
1001,Brew,Furminger,bfurmingerj@usatoday.com,Male,124.31.156.219
1001,Loretta,Semeradova,lsemeradovak@usatoday.com,Female,31.194.181.18
1001,Alika,Gwilliam,agwilliaml@rakuten.co.jp,Female,44.67.145.55
1001,Caresse,Banke,cbankem@goo.ne.jp,Female,246.77.145.131
1001,Brose,Klauer,bklauern@bbc.co.uk,Male,196.76.95.221
1001,Waiter,Treleaven,wtreleaveno@netscape.com,Genderqueer,161.48.56.1
1001,Richy,Yellep,ryellepp@ehow.com,Male,146.32.241.189
1001,Christy,Copestick,ccopestickq@ox.ac.uk,Male,178.98.20.177
1001,Amelia,Redbourn,aredbournr@dedecms.com,Female,240.135.147.45
1001,Ellery,Stansfield,estansfields@tinypic.com,Male,104.108.217.38
1001,Glennis,Bensley,gbensleyt@friendfeed.com,Female,36.128.41.12
1001,Alika,Flemming,aflemmingu@homestead.com,Female,110.245.169.65
1001,Carolina,Doull,cdoullv@ebay.co.uk,Agender,232.184.166.157
1001,Waite,House,whousew@g.co,Male,136.79.104.253
1001,Lorinda,Hanaford,lhanafordx@hatena.ne.jp,Female,44.142.165.231
1001,Whit,Ianittello,wianittelloy@cdc.gov,Male,214.53.137.210
1001,Aubrey,Farman,afarmanz@theglobeandmail.com,Female,150.73.3.109
1001,Eal,Chad,echad10@printfriendly.com,Male,66.195.1.59
1001,Justen,Roderham,jroderham11@chicagotribune.com,Male,165.116.129.211
1001,Shannah,Pimm,spimm12@webs.com,Female,136.58.217.45
1001,Rhody,Rother,rrother13@indiatimes.com,Female,148.112.205.94
1001,Kara,Kelley,kkelley14@sun.com,Female,104.212.204.208
1001,Clemens,Knowler,cknowler15@rambler.ru,Male,131.204.178.83
1001,Ameline,Farnsworth,afarnsworth16@bloomberg.com,Female,195.163.215.176
1001,Guenna,Fallon,gfallon17@nasa.gov,Female,25.159.148.192
1001,Creighton,Ambler,cambler18@tinypic.com,Polygender,193.143.150.46
1001,Charmain,Whatman,cwhatman19@tumblr.com,Female,197.40.108.36
1001,Gregory,Willeson,gwilleson1a@comsenz.com,Male,20.244.71.255
1001,Doyle,Hungerford,dhungerford1b@nasa.gov,Male,89.118.97.239
1001,Kinnie,Tetsall,ktetsall1c@apache.org,Male,149.41.100.168
1001,Carolan,Durgan,cdurgan1d@hhs.gov,Female,104.10.191.198
1001,Malia,Saw,msaw1e@tuttocitta.it,Female,72.254.63.20
1001,Gavan,Lawlan,glawlan1f@usa.gov,Non-binary,34.138.252.196
1001,Hart,Vears,hvears1g@wikispaces.com,Male,181.252.41.170
1001,Kathleen,Winterson,kwinterson1h@howstuffworks.com,Female,162.131.218.13
1001,Sidonia,Westcarr,swestcarr1i@craigslist.org,Female,40.119.107.191
1001,Ulric,Parade,uparade1j@acquirethisname.com,Male,205.251.172.212
1001,Betteann,Hammand,bhammand1k@github.com,Female,232.207.159.114
1001,Catrina,Fookes,cfookes1l@prweb.com,Female,61.227.13.55
1001,Renell,Galea,rgalea1m@blogtalkradio.com,Female,102.67.105.37
1001,Booth,Jeffress,bjeffress1n@walmart.com,Male,51.198.133.145
1001,Jasper,Bover,jbover1o@usnews.com,Male,156.185.147.201
1001,Creigh,Hellmer,chellmer1p@geocities.jp,Male,59.37.123.223
1001,Michal,Gisborne,mgisborne1q@discovery.com,Genderfluid,113.42.254.67
1001,August,Wheelwright,awheelwright1r@yelp.com,Male,39.49.177.50
1001,Floria,Pentony,fpentony1s@scientificamerican.com,Female,212.21.123.56
1001,Nicholas,Blackman,nblackman1t@cloudflare.com,Genderfluid,170.95.165.236
1001,Justino,Neat,jneat1u@w3.org,Male,248.230.44.114
1001,Tynan,Quincey,tquincey1v@vistaprint.com,Male,250.43.209.212
1001,Bogey,Darcy,bdarcy1w@bbb.org,Genderfluid,145.69.133.79
1001,Fabian,Hopkins,fhopkins1x@stanford.edu,Male,70.204.165.167
1001,Annette,Zanneli,azanneli1y@livejournal.com,Female,51.241.53.180
1001,Pepita,Butterley,pbutterley1z@skyrock.com,Female,248.213.236.35
1001,Nan,Gaunson,ngaunson20@thetimes.co.uk,Female,52.19.231.57
1001,Sheila,McIan,smcian21@tumblr.com,Female,226.3.151.253
1001,Merridie,Hayne,mhayne22@flickr.com,Female,86.170.51.83
1001,Frannie,Shilliday,fshilliday23@boston.com,Female,103.170.210.74
1001,Rey,Pirrie,rpirrie24@wired.com,Male,176.142.15.18
1001,Teador,Lenthall,tlenthall25@about.com,Male,143.111.172.30
1001,Garrott,Scough,gscough26@barnesandnoble.com,Male,102.253.197.157
1001,Johny,Risdall,jrisdall27@cloudflare.com,Male,162.59.147.188
1001,Aarika,Hannaway,ahannaway28@vistaprint.com,Female,240.20.165.143
1001,Dionysus,Endricci,dendricci29@abc.net.au,Male,40.123.170.109
1001,Cecilia,Oakland,coakland2a@hostgator.com,Female,88.237.121.230
1001,Steffie,O'Haire,sohaire2b@fotki.com,Female,197.162.158.89
1001,Nessie,Pasfield,npasfield2c@hexun.com,Female,192.165.220.84
1001,Ernesto,Uzielli,euzielli2d@plala.or.jp,Male,18.120.132.68
1001,Maggee,Ucchino,mucchino2e@amazon.co.uk,Non-binary,186.90.204.28
1001,Wallis,Elner,welner2f@oracle.com,Female,144.151.165.255
1001,Meta,Tabourin,mtabourin2g@cdbaby.com,Female,165.207.10.253
1001,Casandra,Leivesley,cleivesley2h@yelp.com,Female,107.115.55.253
1001,Kimbra,Wathey,kwathey2i@timesonline.co.uk,Female,135.153.86.161
1001,Lucien,Graysmark,lgraysmark2j@i2i.jp,Male,178.78.19.58
1001,Dew,Roughey,droughey2k@smugmug.com,Bigender,113.219.164.18
1001,Roberta,Barbe,rbarbe2l@bluehost.com,Female,225.73.55.58
1001,Murvyn,Gookey,mgookey2m@about.me,Male,213.144.240.51
1001,Jamil,Penke,jpenke2n@cnet.com,Male,80.86.66.159
1001,Caroline,Nardoni,cnardoni2o@tmall.com,Female,133.214.245.109
1001,Harry,Gretton,hgretton2p@howstuffworks.com,Male,10.80.11.196
1001,Irene,Collet,icollet2q@epa.gov,Female,190.197.233.201
1001,Viola,Fortun,vfortun2r@nytimes.com,Female,38.221.168.42
1001,Syd,Van Dalen,svandalen2s@google.co.uk,Male,197.128.2.184
1001,Rolf,Dash,rdash2t@zdnet.com,Male,42.164.58.212
1001,Roshelle,Dell Casa,rdellcasa2u@issuu.com,Female,48.20.244.216
1001,Mervin,Dibson,mdibson2v@nyu.edu,Non-binary,86.8.10.80
1001,Melissa,Gout,mgout2w@cocolog-nifty.com,Female,39.24.94.81
1001,Vivian,Lillo,vlillo2x@thetimes.co.uk,Female,168.100.236.159
1001,Kenna,Ksandra,kksandra2y@bbc.co.uk,Female,203.173.8.157
1001,Marsh,Boow,mboow2z@smh.com.au,Genderfluid,214.131.55.119
1001,Harmon,Rysdale,hrysdale30@sakura.ne.jp,Male,166.116.155.100
1001,Rubina,Burker,rburker31@msn.com,Female,85.109.102.244
1001,Janaya,Milmith,jmilmith32@businessinsider.com,Female,31.142.108.191
1001,Patricio,Oby,poby33@usda.gov,Male,106.51.75.247
1001,Trstram,Mitkcov,tmitkcov34@smugmug.com,Male,42.164.70.51
1001,Everard,Jenno,ejenno35@usda.gov,Male,117.211.173.227
1001,Mabel,Arnolds,marnolds36@i2i.jp,Female,214.137.132.99
1001,Nicol,Bonder,nbonder37@ocn.ne.jp,Male,108.45.144.101
1001,Toby,Johnstone,tjohnstone38@yale.edu,Male,202.24.117.78
1001,Blanche,Gooderick,bgooderick39@ask.com,Female,11.193.12.15
1001,Cicily,Longman,clongman3a@blogger.com,Female,197.147.73.255
1001,Isacco,Laviste,ilaviste3b@prlog.org,Male,167.189.71.48
1001,Darwin,Josipovic,djosipovic3c@latimes.com,Male,71.129.2.85
1001,Morton,Caswall,mcaswall3d@163.com,Male,45.171.142.219
1001,Rhoda,Nolan,rnolan3e@simplemachines.org,Female,93.103.98.181
1001,Roosevelt,Wyleman,rwyleman3f@timesonline.co.uk,Male,166.182.66.35
1001,Nichols,Hairon,nhairon3g@hatena.ne.jp,Male,250.65.13.182
1001,Todd,Droghan,tdroghan3h@jalbum.net,Male,76.62.189.96
1001,Ivor,Walters,iwalters3i@usda.gov,Male,160.98.84.157
1001,Gibby,Halfhyde,ghalfhyde3j@yahoo.com,Male,255.133.25.83
1001,Rosina,Codron,rcodron3k@noaa.gov,Female,61.74.127.10
1001,Cord,Mebs,cmebs3l@foxnews.com,Male,176.176.106.252
1001,Jonas,Leopard,jleopard3m@nba.com,Male,76.241.186.205
1001,Bunni,Hailston,bhailston3n@macromedia.com,Female,47.17.2.51
1001,Carlee,O'Doohaine,codoohaine3o@storify.com,Female,31.82.202.225
1001,Iorgo,Arlow,iarlow3p@uol.com.br,Male,101.104.147.213
1001,Remy,Beany,rbeany3q@craigslist.org,Female,103.2.29.80
1001,Haskel,Gedling,hgedling3r@1688.com,Male,64.26.236.70
1001,Feliks,Treffry,ftreffry3s@youtu.be,Male,235.242.92.18
1001,Rivy,Phillis,rphillis3t@businessweek.com,Female,205.250.190.2
1001,Maurizio,Titterington,mtitterington3u@techcrunch.com,Male,207.64.55.3
1001,Stanton,McNally,smcnally3v@1688.com,Male,22.75.115.66
1001,Giffy,Ayling,gayling3w@apache.org,Male,14.203.185.174
1001,Paulie,Melloi,pmelloi3x@exblog.jp,Bigender,11.199.168.210
1001,Krispin,Peacher,kpeacher3y@state.gov,Male,87.57.235.186
1001,Malchy,Vango,mvango3z@reuters.com,Male,55.34.143.12
1001,Lewes,McFetridge,lmcfetridge40@netscape.com,Male,233.14.246.77
1001,Mile,Weblin,mweblin41@trellian.com,Male,203.35.7.4
1001,Aubrette,Dot,adot42@webeden.co.uk,Female,99.124.46.83
1001,Anthony,Hartnup,ahartnup43@nps.gov,Male,199.133.161.10
1001,Dori,Glanfield,dglanfield44@people.com.cn,Female,200.146.213.48
1001,Marven,Sedgman,msedgman45@networksolutions.com,Male,81.57.218.182
1001,Armin,Roggerone,aroggerone46@surveymonkey.com,Male,101.245.34.234
1001,Carolan,Cromwell,ccromwell47@ebay.com,Genderqueer,35.40.41.33
1001,Thurston,Dhenin,tdhenin48@last.fm,Male,89.81.195.145
1001,Cahra,Jacquot,cjacquot49@canalblog.com,Female,154.132.123.5
1001,Arnold,Chazette,achazette4a@oakley.com,Male,19.235.195.171
1001,Jorgan,Grundey,jgrundey4b@seattletimes.com,Polygender,143.212.234.18
1001,Chadwick,Cornforth,ccornforth4c@hud.gov,Male,109.207.68.170
1001,Dave,Rignall,drignall4d@google.de,Male,189.252.220.45
1001,Darda,Daw,ddaw4e@reddit.com,Female,231.148.228.237
1001,Blancha,O'Dogherty,bodogherty4f@taobao.com,Female,100.35.194.169
1001,Charissa,Melsome,cmelsome4g@ucla.edu,Female,129.218.34.202
1001,Kassandra,Cottesford,kcottesford4h@unc.edu,Female,154.172.60.91
1001,Tatiania,Perkinson,tperkinson4i@networksolutions.com,Female,59.177.107.191
1001,Poul,Freak,pfreak4j@shop-pro.jp,Male,178.176.2.38
1001,Padriac,Seymour,pseymour4k@people.com.cn,Male,152.83.192.33
1001,Garek,Caskie,gcaskie4l@elegantthemes.com,Male,91.170.244.12
1001,Doug,Mattke,dmattke4m@cdc.gov,Male,41.207.194.160
1001,Brendin,Purchon,bpurchon4n@yale.edu,Male,68.91.0.121
1001,Celestina,Purnell,cpurnell4o@csmonitor.com,Female,136.104.62.248
1001,Aurel,Mowbury,amowbury4p@washington.edu,Female,200.154.218.64
1001,Teddy,Geldard,tgeldard4q@parallels.com,Agender,179.173.150.216
1001,Nevile,Perrington,nperrington4r@fastcompany.com,Male,244.52.28.136
1001,Yul,Vickers,yvickers4s@amazon.co.jp,Male,250.178.88.71
1001,Tommie,Exton,texton4t@fc2.com,Female,184.121.220.153
1001,Kelsey,Chipps,kchipps4u@apache.org,Male,127.111.159.75
1001,Tracey,Hanlin,thanlin4v@freewebs.com,Female,2.31.131.188
1001,Lucille,Labern,llabern4w@etsy.com,Female,197.95.29.96
1001,Sayre,Loades,sloades4x@opera.com,Male,193.223.20.222
1001,Mariann,Dyet,mdyet4y@networksolutions.com,Female,159.135.222.180
1001,Wendy,McInnerny,wmcinnerny4z@ucoz.ru,Female,242.89.208.71
1001,Ermanno,Schirok,eschirok50@reference.com,Male,237.241.78.193
1001,Clayborn,Ransome,cransome51@msn.com,Male,150.217.110.124
1001,Melany,Jedrysik,mjedrysik52@bbc.co.uk,Female,7.50.188.195
1001,Annabal,Grimsdale,agrimsdale53@shop-pro.jp,Female,51.7.147.194
1001,Reinaldo,Lackey,rlackey54@ameblo.jp,Male,38.148.72.185
1001,Yvor,Braim,ybraim55@weather.com,Male,176.151.160.134
1001,Heriberto,Brayne,hbrayne56@yale.edu,Male,32.46.98.22
1001,Lek,Garmons,lgarmons57@engadget.com,Male,59.49.113.21
1001,Noella,Coppen,ncoppen58@weather.com,Female,248.4.100.83
1001,Filia,Mathey,fmathey59@etsy.com,Female,74.64.174.9
1001,Toni,Hasely,thasely5a@dropbox.com,Female,144.188.80.210
1001,Fania,O'Griffin,fogriffin5b@bbc.co.uk,Female,90.231.24.249
1001,Pier,Hagland,phagland5c@mapy.cz,Female,131.149.214.195
1001,Sim,Deinhard,sdeinhard5d@arizona.edu,Male,213.95.181.1
1001,Nathanial,Nicholls,nnicholls5e@pagesperso-orange.fr,Male,16.7.169.239
1001,Aridatha,Thorneloe,athorneloe5f@hao123.com,Genderqueer,59.1.185.32
1001,Dorelia,Sikora,dsikora5g@etsy.com,Female,91.113.197.71
1001,Maisey,Oughtright,moughtright5h@tinyurl.com,Female,33.242.196.161
1001,Giffie,Paladino,gpaladino5i@tiny.cc,Male,111.50.131.16
1001,Muriel,Robrose,mrobrose5j@gov.uk,Female,118.190.16.4
1001,Merrily,Glazebrook,mglazebrook5k@histats.com,Female,86.80.14.229
1001,Carolyn,Savaage,csavaage5l@engadget.com,Female,232.183.66.57
1001,Eugenie,Owlner,eowlner5m@artisteer.com,Female,24.199.139.239
1001,Dar,Boice,dboice5n@soundcloud.com,Male,3.184.188.238
1001,Reagan,Phillpot,rphillpot5o@1688.com,Male,191.193.91.203
1001,Tonya,Agerskow,tagerskow5p@networksolutions.com,Female,136.16.13.84
1001,Trudie,le Keux,tlekeux5q@skyrock.com,Female,61.171.72.54
1001,Garrot,Shills,gshills5r@e-recht24.de,Male,24.24.190.103
1001,Ernie,Moroney,emoroney5s@boston.com,Male,45.219.192.146
1001,Sibyl,Hailes,shailes5t@columbia.edu,Female,44.144.2.215
1001,Horton,Rubinlicht,hrubinlicht5u@upenn.edu,Male,10.206.215.79
1001,Timmie,Greville,tgreville5v@microsoft.com,Male,4.240.190.97
1001,Stacee,Colebourn,scolebourn5w@plala.or.jp,Female,117.98.82.202
1001,Frants,Wimes,fwimes5x@ustream.tv,Male,218.157.36.31
1001,Vivyanne,McNeish,vmcneish5y@craigslist.org,Female,203.170.105.145
1001,Tracee,Pescud,tpescud5z@twitpic.com,Female,43.224.228.109
1001,Wolfie,Jedraszczyk,wjedraszczyk60@google.co.jp,Male,59.17.61.102
1001,Lorry,Beidebeke,lbeidebeke61@umn.edu,Female,73.166.149.189
1001,Kyle,Kroch,kkroch62@opera.com,Genderqueer,159.105.248.168
1001,Marilin,Bullen,mbullen63@yellowpages.com,Female,209.127.37.162
1001,Lin,Niccols,lniccols64@sfgate.com,Male,45.217.111.98
1001,Seymour,Colebourne,scolebourne65@scientificamerican.com,Male,163.250.122.214
1001,Calla,Gillivrie,cgillivrie66@blogger.com,Non-binary,241.7.57.156
1001,Clemente,Burlingame,cburlingame67@phpbb.com,Male,160.134.125.251
1001,Cherida,Caygill,ccaygill68@studiopress.com,Female,212.51.47.177
1001,Kristy,Durnan,kdurnan69@harvard.edu,Female,31.76.246.42
1001,Wylma,Buie,wbuie6a@ebay.com,Female,244.244.114.144
1001,Moyna,Linden,mlinden6b@mozilla.org,Non-binary,236.18.154.50
1001,Roma,Millberg,rmillberg6c@cbc.ca,Male,137.76.216.108
1001,Kinny,Papaccio,kpapaccio6d@go.com,Male,189.211.221.125
1001,Ogden,Dufore,odufore6e@tinyurl.com,Male,233.224.184.224
1001,Noak,Selwin,nselwin6f@prnewswire.com,Male,32.180.23.81
1001,Ariana,Hukin,ahukin6g@dropbox.com,Female,135.85.54.188
1001,Corbet,Hubach,chubach6h@dion.ne.jp,Male,64.150.251.119
1001,Daryn,Campes,dcampes6i@yolasite.com,Female,134.118.157.152
1001,Hallie,Benedek,hbenedek6j@sourceforge.net,Female,105.52.107.185
1001,Lotte,Petran,lpetran6k@usda.gov,Female,159.96.240.23
1001,Ileane,Wiggington,iwiggington6l@feedburner.com,Female,180.133.95.241
1001,Chryste,Abbets,cabbets6m@oaic.gov.au,Female,252.7.220.199
1001,Renard,Olfert,rolfert6n@storify.com,Male,180.62.251.133
1001,Alexandro,Farrance,afarrance6o@wisc.edu,Male,132.186.173.24
1001,Jareb,Sabban,jsabban6p@theguardian.com,Male,108.239.234.155
1001,Sheba,D'Souza,sdsouza6q@stumbleupon.com,Female,43.159.152.155
1001,Burt,Borsay,bborsay6r@aol.com,Male,32.46.185.143
1001,Patrica,McMorland,pmcmorland6s@cisco.com,Female,194.160.28.59
1001,Bambie,Gregorio,bgregorio6t@twitter.com,Female,58.200.237.40
1001,Jenilee,Pfaffel,jpfaffel6u@msu.edu,Female,25.133.101.30
1001,Sammie,Chupin,schupin6v@who.int,Male,208.183.93.65
1001,Grady,Endecott,gendecott6w@dion.ne.jp,Male,243.109.134.170
1001,Sansone,Gosson,sgosson6x@woothemes.com,Male,52.218.218.69
1001,Nicolina,Ivantyev,nivantyev6y@artisteer.com,Female,151.175.166.31
1001,Terrye,Gittoes,tgittoes6z@cam.ac.uk,Female,78.41.226.103
1001,Lark,Sebright,lsebright70@bloglines.com,Female,239.208.30.103
1001,Dallon,Tokley,dtokley71@statcounter.com,Male,203.246.179.155
1001,Eadith,Sawyers,esawyers72@soundcloud.com,Female,144.22.113.8
1001,Emery,Redshaw,eredshaw73@marketwatch.com,Male,81.185.57.61
1001,Donia,Anderbrugge,danderbrugge74@arstechnica.com,Female,119.144.225.255
1001,Uriah,Drake,udrake75@seesaa.net,Male,138.101.122.43
1001,Ermanno,Dottridge,edottridge76@ustream.tv,Male,167.37.120.142
1001,Borg,Merrell,bmerrell77@phoca.cz,Male,189.194.11.55
1001,Nadiya,Lambin,nlambin78@time.com,Female,239.120.69.188
1001,Anne-corinne,Sandwick,asandwick79@clickbank.net,Polygender,207.101.113.115
1001,Valerie,Brymham,vbrymham7a@mapy.cz,Female,174.242.101.65
1001,Tatiana,Faulkener,tfaulkener7b@flickr.com,Female,47.236.16.69
1001,Raffarty,Gofforth,rgofforth7c@google.cn,Male,96.230.113.115
1001,Ivar,McBeth,imcbeth7d@census.gov,Male,108.234.159.107
1001,Eric,Saines,esaines7e@twitter.com,Male,66.63.159.113
1001,Jacquenette,Trembath,jtrembath7f@a8.net,Female,219.104.24.25
1001,Gianna,Harrap,gharrap7g@newsvine.com,Female,144.106.62.72
1001,Clemence,Edmondson,cedmondson7h@woothemes.com,Female,36.39.76.117
1001,Clayton,Biddulph,cbiddulph7i@oracle.com,Male,159.160.254.204
1001,Austina,Yakunkin,ayakunkin7j@cpanel.net,Female,232.208.62.168
1001,Annecorinne,Woodman,awoodman7k@hc360.com,Female,159.31.137.108
1001,Reagan,Britto,rbritto7l@sitemeter.com,Bigender,92.23.91.154
1001,Beverley,Atcheson,batcheson7m@washington.edu,Female,83.120.248.236
1001,Alaric,Callan,acallan7n@elegantthemes.com,Non-binary,81.201.16.98
1001,Coleman,Milhench,cmilhench7o@apple.com,Male,249.230.117.129
1001,Juieta,Hutton,jhutton7p@si.edu,Female,173.180.182.45
1001,Booth,Jonk,bjonk7q@e-recht24.de,Male,80.126.76.101
1001,Evy,Merwe,emerwe7r@oakley.com,Female,132.23.10.52
1001,Andre,Matuszewski,amatuszewski7s@boston.com,Male,127.215.186.45
1001,Sandy,Caldaro,scaldaro7t@wisc.edu,Female,50.108.235.186
1001,Cody,Izatt,cizatt7u@amazon.de,Male,179.212.186.71
1001,Carleen,Braiden,cbraiden7v@youtube.com,Female,120.5.242.240
1001,Adrianne,Lacknor,alacknor7w@nifty.com,Female,76.17.87.195
1001,Lilian,Eliesco,leliesco7x@goo.gl,Female,179.173.192.40
1001,Kennett,Noads,knoads7y@amazonaws.com,Male,238.25.88.4
1001,Shelden,Gomer,sgomer7z@bandcamp.com,Polygender,75.237.65.183
1001,Haskell,Papen,hpapen80@clickbank.net,Male,0.243.46.171
1001,Dorolice,Garbert,dgarbert81@wix.com,Female,173.110.153.193
1001,Renate,Cosbey,rcosbey82@usda.gov,Female,105.232.204.131
1001,Jackelyn,Thomesson,jthomesson83@geocities.jp,Female,245.183.71.214
1001,Rivi,Guiet,rguiet84@dyndns.org,Female,179.131.96.90
1001,Ailis,Barkworth,abarkworth85@aboutads.info,Female,17.33.105.161
1001,Jaquelyn,Fredy,jfredy86@surveymonkey.com,Non-binary,32.145.108.179
1001,Bordy,Priscott,bpriscott87@forbes.com,Male,157.221.57.231
1001,Hercules,Wickey,hwickey88@desdev.cn,Male,66.128.183.186
1001,Aubrey,Edinboro,aedinboro89@accuweather.com,Female,64.62.23.92
1001,Amalie,Toffalo,atoffalo8a@usnews.com,Female,167.20.219.9
1001,Pollyanna,Blackall,pblackall8b@etsy.com,Female,4.65.156.175
1001,Alessandro,Mewe,amewe8c@hugedomains.com,Male,183.183.13.105
1001,Christos,Cropper,ccropper8d@timesonline.co.uk,Male,77.67.92.34
1001,Agosto,Sunter,asunter8e@wsj.com,Male,65.111.237.249
1001,Tanhya,Abrahamian,tabrahamian8f@go.com,Non-binary,183.77.46.64
1001,Kurtis,Arnfield,karnfield8g@nhs.uk,Male,105.122.81.30
1001,Humberto,Aukland,haukland8h@hostgator.com,Male,95.17.110.70
1001,Catarina,True,ctrue8i@unc.edu,Female,8.166.97.16
1001,Lilah,Citrine,lcitrine8j@springer.com,Female,109.220.138.77
1001,Amelie,Haugeh,ahaugeh8k@cpanel.net,Female,175.165.114.18
1001,Neille,MacMenamin,nmacmenamin8l@arizona.edu,Female,23.243.129.74
1001,Camella,Newbery,cnewbery8m@java.com,Female,175.190.237.109
1001,Moore,Southcoat,msouthcoat8n@wikia.com,Male,176.63.40.249
1001,Eran,Swinley,eswinley8o@scribd.com,Female,62.216.58.104
1001,Rickard,Godbehere,rgodbehere8p@jimdo.com,Male,142.90.42.183
1001,Faydra,McIndrew,fmcindrew8q@chron.com,Female,176.196.176.191
1001,Tallie,Trewman,ttrewman8r@tuttocitta.it,Male,158.168.149.247
1001,Malchy,Beekman,mbeekman8s@ow.ly,Male,180.193.149.211
1001,Emlyn,Maddie,emaddie8t@biblegateway.com,Female,179.191.100.138
1001,Diahann,McKevitt,dmckevitt8u@nymag.com,Female,23.130.66.227
1001,Dore,Barracks,dbarracks8v@apple.com,Male,51.224.195.199
1001,Florentia,Stroobant,fstroobant8w@sun.com,Female,150.230.145.29
1001,Lindsey,Wiltshaw,lwiltshaw8x@gnu.org,Female,243.23.44.57
1001,Ruperto,Cluely,rcluely8y@senate.gov,Male,58.38.154.169
1001,Aldon,Elsegood,aelsegood8z@indiegogo.com,Male,195.249.104.149
1001,Rickey,Tupper,rtupper90@pbs.org,Male,248.42.216.48
1001,Joaquin,Legion,jlegion91@blogtalkradio.com,Male,72.85.43.6
1001,Shelden,Plaster,splaster92@360.cn,Genderfluid,208.196.113.243
1001,Nicol,MacDuff,nmacduff93@chicagotribune.com,Female,131.225.131.229
1001,Brian,Arnout,barnout94@cam.ac.uk,Male,204.220.58.243
1001,Percival,Wheaton,pwheaton95@tmall.com,Male,43.28.193.232
1001,Erwin,Libby,elibby96@jimdo.com,Male,34.21.161.53
1001,Wyndham,Catterson,wcatterson97@state.gov,Male,213.66.151.32
1001,Codie,McGovern,cmcgovern98@paginegialle.it,Male,152.180.9.60
1001,Wolfgang,Yekel,wyekel99@utexas.edu,Male,13.233.227.132
1001,Joella,Miebes,jmiebes9a@dion.ne.jp,Female,154.104.136.109
1001,Mufinella,Phillip,mphillip9b@mayoclinic.com,Female,63.208.128.188
1001,Carolee,Mayworth,cmayworth9c@infoseek.co.jp,Female,245.116.157.224
1001,Wright,Hukin,whukin9d@squarespace.com,Male,229.204.75.90
1001,Deirdre,Strevens,dstrevens9e@go.com,Female,63.141.201.61
1001,Chico,Kyncl,ckyncl9f@theguardian.com,Male,216.4.229.223
1001,Rasia,Scandrick,rscandrick9g@reuters.com,Female,166.192.210.85
1001,Ginnifer,Rehorek,grehorek9h@ezinearticles.com,Female,103.71.68.192
1001,Leilah,Elsop,lelsop9i@diigo.com,Female,51.242.252.228
1001,Piper,Rome,prome9j@gizmodo.com,Female,244.231.217.98
1001,Vannie,Sword,vsword9k@storify.com,Female,110.68.158.23
1001,Vyky,Maydway,vmaydway9l@dell.com,Female,11.3.15.1
1001,Flint,De Angelis,fdeangelis9m@google.it,Male,26.241.75.23
1001,Jeromy,Bew,jbew9n@bbb.org,Genderfluid,89.0.186.181
1001,Susie,Crossman,scrossman9o@webmd.com,Female,57.41.15.160
1001,Panchito,Jacquet,pjacquet9p@lulu.com,Male,160.204.56.52
1001,Carlota,Goodee,cgoodee9q@bing.com,Female,100.212.196.82
1001,Carrie,O'Duilleain,coduilleain9r@bbb.org,Female,183.47.19.193
1001,Thaddus,Shane,tshane9s@1und1.de,Male,188.204.252.54
1001,Adrian,Maillard,amaillard9t@china.com.cn,Male,53.120.3.86
1001,Cynthia,Cunnell,ccunnell9u@netscape.com,Female,171.64.138.26
1001,Selia,Gauson,sgauson9v@friendfeed.com,Female,153.237.53.172
1001,Nanni,Gravenor,ngravenor9w@1und1.de,Female,137.167.65.79
1001,Angelo,Downs,adowns9x@geocities.com,Male,30.147.212.31
1001,Glenda,Filipczynski,gfilipczynski9y@vinaora.com,Female,232.91.107.92
1001,Sande,Stroder,sstroder9z@home.pl,Female,28.231.181.27
1001,Kienan,Portam,kportama0@reverbnation.com,Male,67.122.217.117
1001,Xylina,Lissemore,xlissemorea1@dot.gov,Female,74.52.196.197
1001,Ellery,Hordle,ehordlea2@typepad.com,Male,193.51.204.157
1001,Laurence,Sunock,lsunocka3@soundcloud.com,Male,184.121.234.199
1001,Denny,Binden,dbindena4@trellian.com,Male,219.201.90.199
1001,Les,Brewett,lbrewetta5@biblegateway.com,Male,195.56.34.71
1001,Willard,Camilleri,wcamilleria6@is.gd,Male,106.95.31.230
1001,Gradeigh,Antuoni,gantuonia7@shop-pro.jp,Male,226.99.187.255
1001,Silvano,Ivasyushkin,sivasyushkina8@mapquest.com,Male,239.245.111.127
1001,Candida,Guidetti,cguidettia9@ameblo.jp,Female,125.125.215.211
1001,Jephthah,Shavel,jshavelaa@xing.com,Male,169.221.134.140
1001,Candida,Scrivener,cscrivenerab@cnbc.com,Bigender,141.253.83.116
1001,Dorthy,Sands,dsandsac@printfriendly.com,Female,16.48.241.123
1001,Jodi,Henningham,jhenninghamad@pbs.org,Female,140.93.226.23
1001,Sophi,Jezzard,sjezzardae@goodreads.com,Female,39.92.150.217
1001,Eustace,Cholwell,echolwellaf@live.com,Polygender,192.42.199.130
1001,Hy,Bristoe,hbristoeag@about.me,Male,50.32.202.69
1001,Kacy,Margrem,kmargremah@google.com.br,Female,111.42.174.156
1001,Corly,Lovart,clovartai@telegraph.co.uk,Non-binary,105.167.116.95
1001,Nelson,Cristofori,ncristoforiaj@ihg.com,Male,177.202.162.42
1001,Gordan,Verlander,gverlanderak@tuttocitta.it,Male,109.199.2.166
1001,Hal,Cusick,hcusickal@uol.com.br,Male,230.147.37.101
1001,Meta,Gartin,mgartinam@wsj.com,Agender,176.64.211.34
1001,Cody,Reavell,creavellan@joomla.org,Male,232.26.58.254
1001,Elianore,Lindberg,elindbergao@ed.gov,Bigender,73.141.120.96
1001,Orelee,Kilpatrick,okilpatrickap@hubpages.com,Female,223.225.242.44
1001,Hussein,Tottman,htottmanaq@newyorker.com,Male,2.53.174.201
1001,Carolan,Loughman,cloughmanar@ycombinator.com,Female,230.138.160.137
1001,Reinaldo,Bessant,rbessantas@weather.com,Male,193.188.150.116
1001,Deeann,Scarlan,dscarlanat@unblog.fr,Female,104.177.151.39
1001,Anestassia,Duguid,aduguidau@surveymonkey.com,Female,89.214.235.141
1001,Clevie,Tombling,ctomblingav@businessweek.com,Male,13.222.127.128
1001,Rosette,Dykes,rdykesaw@hubpages.com,Female,185.24.46.201
1001,Fawne,Yukhnev,fyukhnevax@php.net,Female,95.127.121.15
1001,Dione,Bolduc,dbolducay@vinaora.com,Female,163.178.152.225
1001,Adolf,Mc-Kerley,amckerleyaz@google.nl,Male,28.78.135.248
1001,Timothy,Devil,tdevilb0@bravesites.com,Male,209.140.37.57
1001,Delaney,Gregs,dgregsb1@51.la,Male,10.14.121.123
1001,Timofei,Jacobowitz,tjacobowitzb2@va.gov,Male,141.35.223.32
1001,Everett,Poland,epolandb3@furl.net,Male,54.151.99.10
1001,Delphine,D'Ambrogi,ddambrogib4@imageshack.us,Female,10.243.9.195
1001,Prudence,Scapens,pscapensb5@liveinternet.ru,Female,208.152.8.1
1001,Filberto,Moro,fmorob6@kickstarter.com,Male,221.45.110.178
1001,Jacob,D'Ambrosi,jdambrosib7@quantcast.com,Male,129.186.217.162
1001,Marj,Fielders,mfieldersb8@marriott.com,Female,237.193.175.199
1001,Nealy,Roskilly,nroskillyb9@hibu.com,Male,38.87.174.178
1001,Frazier,Prozillo,fprozilloba@issuu.com,Male,172.183.229.168
1001,Phedra,Bage,pbagebb@1und1.de,Female,99.42.177.147
1001,Godfrey,Pennyman,gpennymanbc@4shared.com,Male,20.82.2.39
1001,Gram,Karpets,gkarpetsbd@epa.gov,Male,110.24.69.120
1001,Northrop,Beausang,nbeausangbe@cafepress.com,Male,61.147.63.240
1001,Kettie,Keyson,kkeysonbf@forbes.com,Female,110.96.138.33
1001,Bari,Morris,bmorrisbg@pinterest.com,Female,48.178.40.183
1001,Fernando,Habishaw,fhabishawbh@intel.com,Male,231.82.168.13
1001,Deanna,Sayles,dsaylesbi@mit.edu,Genderfluid,84.57.0.212
1001,Tony,Decruse,tdecrusebj@uiuc.edu,Female,223.99.34.232
1001,Jennette,Kimbury,jkimburybk@clickbank.net,Female,177.129.210.108
1001,Thurston,Chilles,tchillesbl@go.com,Male,38.114.9.50
1001,Noe,Guymer,nguymerbm@techcrunch.com,Bigender,168.229.215.98
1001,Lian,Jecock,ljecockbn@arstechnica.com,Female,214.63.99.218
1001,Micheil,Dickerson,mdickersonbo@de.vu,Male,100.62.158.217
1001,Erena,Gornal,egornalbp@github.io,Female,55.216.159.194
1001,Sigismundo,Beamond,sbeamondbq@blog.com,Male,64.220.30.64
1001,Bentlee,Giacobillo,bgiacobillobr@gizmodo.com,Male,228.174.56.157
1001,Adler,Domnin,adomninbs@weather.com,Male,1.147.208.151
1001,Karlens,Sprules,ksprulesbt@elegantthemes.com,Male,89.68.184.72
1001,Enrica,Hurring,ehurringbu@wikia.com,Female,120.15.52.248
1001,Godiva,MacIlraith,gmacilraithbv@rakuten.co.jp,Female,205.15.53.115
1001,Wilmar,Rathmell,wrathmellbw@printfriendly.com,Male,72.25.57.175
1001,Eran,Malenoir,emalenoirbx@bloglines.com,Female,123.225.224.7
1001,Sindee,Prickett,sprickettby@myspace.com,Female,194.56.254.67
1001,Elenore,Hallibone,ehallibonebz@wikipedia.org,Female,147.59.162.89
1001,Arri,Lyness,alynessc0@tiny.cc,Male,210.255.201.182
1001,Haydon,Chevalier,hchevalierc1@indiatimes.com,Male,57.57.179.157
1001,Blanch,Dodge,bdodgec2@globo.com,Female,20.203.219.174
1001,Tammy,Enterlein,tenterleinc3@networksolutions.com,Genderqueer,237.131.231.235
1001,Aymer,Stotherfield,astotherfieldc4@tinyurl.com,Male,255.212.58.107
1001,Christalle,Abramovitch,cabramovitchc5@mac.com,Female,155.222.6.155
1001,Thea,Patzelt,tpatzeltc6@harvard.edu,Female,32.33.228.253
1001,Silvan,Smerdon,ssmerdonc7@samsung.com,Male,211.104.137.89
1001,Veronika,Dudley,vdudleyc8@parallels.com,Genderfluid,6.75.160.147
1001,Hasheem,Brugger,hbruggerc9@blogtalkradio.com,Male,101.143.226.18
1001,Junia,Skeene,jskeeneca@twitpic.com,Female,139.197.52.148
1001,Jocelin,Mulholland,jmulhollandcb@feedburner.com,Female,251.127.4.27
1001,Xymenes,Helsby,xhelsbycc@walmart.com,Male,83.174.104.90
1001,Gardiner,MacVay,gmacvaycd@google.co.uk,Male,37.157.105.214
1001,Foster,Korous,fkorousce@lycos.com,Male,244.199.146.156
1001,Ulrica,Solano,usolanocf@quantcast.com,Female,219.172.79.117
1001,Gwen,Kearsley,gkearsleycg@businesswire.com,Bigender,235.231.25.255
1001,Alla,Robard,arobardch@mysql.com,Female,123.236.78.64
1001,Sibel,Penhall,spenhallci@dyndns.org,Female,101.235.95.73
1001,Chlo,Holdron,choldroncj@blogspot.com,Female,89.65.23.42
1001,Bliss,Harverson,bharversonck@nps.gov,Female,252.79.240.129
1001,Kristine,Laite,klaitecl@ihg.com,Female,238.192.53.65
1001,Elyse,Squeers,esqueerscm@e-recht24.de,Female,41.105.40.255
1001,Clare,Srutton,csruttoncn@prnewswire.com,Genderfluid,155.203.17.150
1001,Grange,Richichi,grichichico@dailymotion.com,Male,112.105.50.41
1001,Jory,Asbury,jasburycp@cmu.edu,Male,137.173.177.202
1001,Del,White,dwhitecq@jimdo.com,Female,117.11.121.237
1001,Flinn,Forestall,fforestallcr@state.tx.us,Male,52.242.253.25
1001,Freeman,Amthor,famthorcs@jimdo.com,Male,250.69.83.150
1001,Chloette,Thomasson,cthomassonct@msu.edu,Bigender,177.202.193.93
1001,Terence,Pichmann,tpichmanncu@ox.ac.uk,Male,2.184.220.133
1001,Cyndie,McCandless,cmccandlesscv@altervista.org,Female,59.214.8.233
1001,Kennith,Della Scala,kdellascalacw@imdb.com,Male,78.110.212.21
1001,Egbert,Costell,ecostellcx@prnewswire.com,Male,23.35.135.84
1001,Livvyy,Vinden,lvindency@webnode.com,Female,106.249.159.44
1001,Britta,Nann,bnanncz@bigcartel.com,Female,48.152.175.90
1001,Hermione,Adao,hadaod0@ucsd.edu,Female,216.42.250.49
1001,Elbertina,Taylo,etaylod1@altervista.org,Female,137.17.86.69
1001,Hillard,Buckthorpe,hbuckthorped2@amazonaws.com,Male,86.65.193.108
1001,Alden,Rosenfelt,arosenfeltd3@bloomberg.com,Male,25.125.55.164
1001,Beltran,Youthead,byoutheadd4@xinhuanet.com,Male,23.201.239.104
1001,Irving,Duinbleton,iduinbletond5@noaa.gov,Bigender,228.17.218.198
1001,Babs,Lowings,blowingsd6@goodreads.com,Female,173.180.139.92
1001,Lefty,Seak,lseakd7@ucsd.edu,Male,173.17.103.93
1001,Tatiana,Joskowitz,tjoskowitzd8@addthis.com,Female,93.109.5.22
1001,Vin,Beatty,vbeattyd9@businessinsider.com,Female,40.196.101.35
1001,Belia,Gisby,bgisbyda@weather.com,Female,251.157.4.145
1001,Dana,Tolerton,dtolertondb@youtu.be,Male,111.140.202.133
1001,Murdoch,Jaggers,mjaggersdc@pbs.org,Male,238.165.184.177
1001,Alan,Doolan,adoolandd@businesswire.com,Male,34.217.76.161
1001,Lay,Jotcham,ljotchamde@infoseek.co.jp,Male,154.112.88.69
1001,Jasen,Breston,jbrestondf@sina.com.cn,Male,51.208.208.234
1001,Dunstan,Trimby,dtrimbydg@free.fr,Male,245.107.198.252
1001,Joni,Halvorsen,jhalvorsendh@opera.com,Polygender,119.62.205.69
1001,Jeane,Bryett,jbryettdi@nsw.gov.au,Female,31.206.104.23
1001,Salomo,Keel,skeeldj@uol.com.br,Male,77.124.207.125
1001,Izaak,Beake,ibeakedk@icq.com,Male,68.218.44.17
1001,Merridie,Theyer,mtheyerdl@phpbb.com,Female,29.50.135.71
1001,Marna,Grise,mgrisedm@oracle.com,Female,176.65.52.45
1001,Rory,Remer,rremerdn@ameblo.jp,Male,236.46.164.6
1001,Thaine,Pidgeley,tpidgeleydo@last.fm,Male,148.81.215.205
1001,Dosi,Phin,dphindp@berkeley.edu,Polygender,168.191.78.31
1001,Breena,Bowdidge,bbowdidgedq@jimdo.com,Female,93.5.148.52
1001,Mead,McKue,mmckuedr@earthlink.net,Female,206.154.230.101
1001,Timmy,Colter,tcolterds@dell.com,Male,191.133.34.2
1001,Timmie,Brooke,tbrookedt@paginegialle.it,Female,55.137.7.185
1001,Titus,Kippling,tkipplingdu@jugem.jp,Genderqueer,214.35.50.247
1001,Vaughan,Benoix,vbenoixdv@usgs.gov,Male,18.205.83.22
1001,Oralia,Gamet,ogametdw@seesaa.net,Female,29.12.233.149
1001,Konstantine,Rittmeyer,krittmeyerdx@wired.com,Male,32.116.44.134
1001,Felicio,Lytell,flytelldy@blogs.com,Male,98.229.251.119
1001,Alexio,Sorby,asorbydz@soundcloud.com,Male,49.167.141.83
1001,Jemima,Brockington,jbrockingtone0@abc.net.au,Female,37.194.30.7
1001,Jermain,Schindler,jschindlere1@icq.com,Male,42.126.91.254
1001,Marten,Hatrick,mhatricke2@nsw.gov.au,Male,202.139.1.22
1001,Hussein,Giovanetti,hgiovanettie3@tuttocitta.it,Male,132.239.81.57
1001,Vitoria,Sissland,vsisslande4@mysql.com,Female,181.243.125.184
1001,Ettie,Ilchuk,eilchuke5@amazonaws.com,Bigender,165.37.151.20
1001,Germaine,Worwood,gworwoode6@bloglines.com,Male,147.157.110.200
1001,Ambrosius,Moralee,amoraleee7@t.co,Male,10.227.40.205
1001,Katti,Jumont,kjumonte8@jimdo.com,Female,135.155.208.47
1001,Clywd,Stainson,cstainsone9@ehow.com,Male,142.26.72.62
1001,Emanuel,Boardman,eboardmanea@macromedia.com,Male,224.220.128.144
1001,Teri,Walasik,twalasikeb@woothemes.com,Female,234.32.171.6
1001,Fiann,Rouge,frougeec@woothemes.com,Female,251.224.103.241
1001,Mic,Persence,mpersenceed@europa.eu,Male,224.233.149.205
1001,Adrianna,Mandell,amandellee@biblegateway.com,Female,192.173.215.111
1001,Logan,Aizkovitch,laizkovitchef@cornell.edu,Male,226.189.236.131
1001,Kaila,Clothier,kclothiereg@ed.gov,Female,234.50.37.16
1001,Linus,Snelman,lsnelmaneh@cornell.edu,Male,148.175.201.243
1001,Chic,Piller,cpillerei@umn.edu,Male,30.7.124.15
1001,Toddie,Caseley,tcaseleyej@blogtalkradio.com,Male,211.162.53.227
1001,Morty,Zoanetti,mzoanettiek@dmoz.org,Male,26.195.108.37
1001,Jodi,MacBrearty,jmacbreartyel@goo.ne.jp,Female,88.143.52.251
1001,Reese,Simmonett,rsimmonettem@devhub.com,Male,162.14.109.230
1001,Rasla,Chattoe,rchattoeen@flickr.com,Female,174.65.138.188
1001,Tamara,Bewlie,tbewlieeo@usa.gov,Female,204.108.36.86
1001,Jolie,Brennenstuhl,jbrennenstuhlep@bloglovin.com,Female,101.122.56.59
1001,Valaria,Hackworth,vhackwortheq@hp.com,Female,76.3.25.34
1001,Quintana,Sawell,qsaweller@abc.net.au,Genderfluid,210.2.189.180
1001,Jeramie,Patzelt,jpatzeltes@hubpages.com,Male,250.236.121.124
1001,Silvana,Garrals,sgarralset@harvard.edu,Female,167.40.211.82
1001,Joey,Bendixen,jbendixeneu@istockphoto.com,Male,227.127.82.74
1001,Dre,Marchetti,dmarchettiev@symantec.com,Female,238.22.75.196
1001,Claudette,Goldthorp,cgoldthorpew@hhs.gov,Female,195.254.176.253
1001,Kriste,Howsan,khowsanex@dot.gov,Female,61.96.45.78
1001,Donall,Beine,dbeineey@addthis.com,Genderqueer,127.223.126.175
1001,Ari,Adrian,aadrianez@51.la,Male,73.246.70.121
1001,Jorge,Bimrose,jbimrosef0@moonfruit.com,Agender,153.248.79.116
1001,Martelle,Dodgson,mdodgsonf1@goo.ne.jp,Female,101.53.197.169
1001,Gradey,Vodden,gvoddenf2@wordpress.com,Male,213.67.149.203
1001,Querida,Sabbin,qsabbinf3@theatlantic.com,Genderqueer,66.233.154.78
1001,Ardelia,Pattenden,apattendenf4@cbc.ca,Genderqueer,254.8.121.56
1001,Hetty,Lindroos,hlindroosf5@wired.com,Female,101.100.171.155
1001,Marcel,Gallard,mgallardf6@woothemes.com,Male,246.95.212.106
1001,Leeann,Ferretti,lferrettif7@printfriendly.com,Female,179.246.88.228
1001,Mozelle,Cains,mcainsf8@discovery.com,Female,162.173.229.110
1001,Stephan,Draisey,sdraiseyf9@miibeian.gov.cn,Male,10.6.170.69
1001,Brennen,Real,brealfa@xrea.com,Male,92.233.158.216
1001,Lelia,Bowmer,lbowmerfb@huffingtonpost.com,Female,120.115.84.34
1001,Royall,Ledington,rledingtonfc@bluehost.com,Male,174.42.135.122
1001,Nevil,Woodworth,nwoodworthfd@ow.ly,Male,66.179.30.247
1001,Tomlin,MacPhee,tmacpheefe@answers.com,Male,166.248.212.190
1001,Hermie,Gillard,hgillardff@tripod.com,Male,215.185.85.95
1001,Viva,Ollerton,vollertonfg@apache.org,Female,146.254.1.111
1001,Genny,Tuxill,gtuxillfh@marketwatch.com,Bigender,91.125.79.62
1001,Hamil,Elsmere,helsmerefi@amazonaws.com,Male,90.118.143.41
1001,Patton,Braznell,pbraznellfj@twitpic.com,Male,239.145.148.120
1001,Herby,Glossop,hglossopfk@noaa.gov,Male,198.40.125.220
1001,Paulina,MacCook,pmaccookfl@mayoclinic.com,Female,141.130.0.167
1001,Bradly,Durrand,bdurrandfm@uiuc.edu,Male,154.12.125.145
1001,Kerstin,Penquet,kpenquetfn@npr.org,Female,173.135.225.32
1001,Ibby,Babington,ibabingtonfo@wiley.com,Female,185.133.248.210
1001,Mahmoud,Westrip,mwestripfp@slate.com,Male,119.137.6.44
1001,Benyamin,Elegood,belegoodfq@examiner.com,Male,181.122.217.113
1001,Mirilla,Ingree,mingreefr@slideshare.net,Polygender,64.215.135.170
1001,Ainslee,Gilstin,agilstinfs@shutterfly.com,Genderqueer,227.13.37.212
1001,Spenser,Harmstone,sharmstoneft@ifeng.com,Male,246.50.211.132
1001,Mignon,Phillis,mphillisfu@behance.net,Female,208.191.226.72
1001,Hildagard,Scollick,hscollickfv@comsenz.com,Female,112.224.4.215
1001,Marlee,Furphy,mfurphyfw@amazon.co.uk,Female,15.197.236.146
1001,Laure,Beames,lbeamesfx@theglobeandmail.com,Female,107.31.223.75
1001,Seward,Kunzelmann,skunzelmannfy@phoca.cz,Male,249.113.4.74
1001,Gratiana,Ovize,govizefz@redcross.org,Female,102.245.209.115
1001,Barri,Lochead,blocheadg0@nytimes.com,Male,179.253.90.149
1001,Inger,Hutchin,ihutching1@acquirethisname.com,Female,186.84.133.117
1001,Ingra,Diment,idimentg2@bing.com,Male,92.47.3.157
1001,Buckie,Errowe,berroweg3@squidoo.com,Male,156.210.54.193
1001,Thaxter,Daggett,tdaggettg4@t.co,Male,18.13.102.20
1001,Patrice,Brasner,pbrasnerg5@theatlantic.com,Male,205.133.26.62
1001,Eleen,Heynen,eheyneng6@google.ca,Female,201.250.156.163
1001,Genvieve,Truckett,gtruckettg7@mozilla.org,Female,182.202.101.231
1001,Jorge,Dawkins,jdawkinsg8@dyndns.org,Male,254.182.68.54
1001,Loleta,Olfert,lolfertg9@devhub.com,Female,208.77.164.176
1001,Chrysler,Cantopher,ccantopherga@tiny.cc,Female,59.253.163.57
1001,Vilhelmina,Burnsides,vburnsidesgb@soundcloud.com,Female,203.38.68.230
1001,Fredrick,Bettenay,fbettenaygc@51.la,Male,72.149.22.118
1001,Norri,Boik,nboikgd@nhs.uk,Female,68.214.106.146
1001,Yvette,McDyer,ymcdyerge@etsy.com,Female,30.106.166.72
1001,Bertram,Warrell,bwarrellgf@bloomberg.com,Male,154.99.97.31
1001,Chloe,Ludlam,cludlamgg@bbb.org,Female,158.47.238.34
1001,Bren,Rann,branngh@miibeian.gov.cn,Female,150.121.1.109
1001,Adrianna,Keggin,akeggingi@goo.ne.jp,Female,251.216.247.166
1001,Britt,Lopes,blopesgj@netlog.com,Female,168.184.115.31
1001,Blair,Haggata,bhaggatagk@netscape.com,Male,152.224.0.120
1001,Nance,Wapples,nwapplesgl@yahoo.com,Female,60.102.176.103
1001,Mack,Gerler,mgerlergm@wiley.com,Male,143.157.215.90
1001,Cameron,Hinchshaw,chinchshawgn@eventbrite.com,Male,10.227.100.58
1001,Raf,Posnette,rposnettego@usa.gov,Female,191.163.69.248
1001,Rodolphe,Martusov,rmartusovgp@newyorker.com,Male,226.236.172.218
1001,Mariellen,Lilbourne,mlilbournegq@hibu.com,Female,239.62.103.246
1001,Bebe,Mucklow,bmucklowgr@addthis.com,Female,78.213.62.125
1001,Wayne,Lossman,wlossmangs@google.ca,Male,49.226.50.94
1001,Lezlie,Kinder,lkindergt@wisc.edu,Female,254.122.171.217
1001,Bert,Leverich,bleverichgu@abc.net.au,Female,227.189.156.18
1001,Dolph,Smallthwaite,dsmallthwaitegv@amazon.com,Male,109.154.130.22
1001,Jesse,Pedroni,jpedronigw@apache.org,Female,101.35.223.40
1001,April,Marzele,amarzelegx@prweb.com,Genderqueer,253.73.11.227
1001,Tootsie,Jiricka,tjirickagy@house.gov,Female,78.250.217.147
1001,Luciano,Smeal,lsmealgz@mapy.cz,Male,84.152.0.116
1001,Ramona,Astley,rastleyh0@nsw.gov.au,Polygender,222.139.211.95
1001,Cate,Byllam,cbyllamh1@bloglovin.com,Female,48.245.135.59
1001,Kiele,McDougle,kmcdougleh2@ebay.com,Female,175.252.179.57
1001,Sianna,Duthy,sduthyh3@nifty.com,Female,209.248.235.15
1001,Tom,Rathborne,trathborneh4@360.cn,Male,135.109.38.146
1001,Geoffry,Fautley,gfautleyh5@vkontakte.ru,Male,20.125.93.216
1001,Loria,Davet,ldaveth6@addtoany.com,Female,63.24.121.143
1001,Agace,Markwick,amarkwickh7@state.gov,Female,148.226.87.12
1001,Adaline,Pashler,apashlerh8@123-reg.co.uk,Female,62.35.20.115
1001,Kellia,Lehr,klehrh9@bandcamp.com,Female,171.220.198.49
1001,Jan,Alchin,jalchinha@live.com,Female,183.150.211.9
1001,Kasper,Dimmne,kdimmnehb@jiathis.com,Male,147.26.39.66
1001,Elmore,De Caroli,edecarolihc@usnews.com,Male,107.96.188.24
1001,Christen,Gatland,cgatlandhd@booking.com,Female,67.237.18.57
1001,Micki,Waycot,mwaycothe@webmd.com,Female,132.117.128.126
1001,Myriam,Giurio,mgiuriohf@github.com,Female,8.60.218.158
1001,Tani,Inkpen,tinkpenhg@ocn.ne.jp,Female,236.141.113.41
1001,Ed,Stilling,estillinghh@weather.com,Male,169.112.214.252
1001,Raffaello,Ashbridge,rashbridgehi@163.com,Male,99.92.2.31
1001,Terrie,Parlet,tparlethj@google.it,Female,139.31.43.238
1001,Bryana,Prest,bpresthk@cdc.gov,Female,195.210.151.31
1001,North,Lown,nlownhl@reverbnation.com,Male,24.165.99.182
1001,Griff,Cauthra,gcauthrahm@europa.eu,Male,127.1.49.161
1001,Monti,Ludgrove,mludgrovehn@chron.com,Male,185.178.112.187
1001,Farrah,Verrell,fverrellho@aol.com,Female,186.115.139.25
1001,Rene,Eadon,readonhp@flavors.me,Male,214.237.210.7
1001,Cristie,Flack,cflackhq@noaa.gov,Female,97.234.41.244
1001,Katina,Koschke,kkoschkehr@oracle.com,Female,212.183.179.241
1001,Hugues,Dudek,hdudekhs@cmu.edu,Male,122.151.142.209
1001,Athena,Rickards,arickardsht@naver.com,Female,109.54.97.209
1001,Janenna,Chaimson,jchaimsonhu@webs.com,Female,86.84.148.151
1001,Tedra,Birkett,tbirketthv@marriott.com,Female,29.4.143.203
1001,Thorndike,Yosselevitch,tyosselevitchhw@wordpress.com,Polygender,28.103.51.94
1001,Phillipe,Wadeling,pwadelinghx@amazon.co.jp,Male,167.208.182.166
1001,Elianora,Petrollo,epetrollohy@stumbleupon.com,Bigender,185.108.140.184
1001,Ogdon,Schule,oschulehz@wiley.com,Non-binary,162.155.45.159
1001,Lloyd,De Lorenzo,ldelorenzoi0@usda.gov,Male,147.12.204.72
1001,Andromache,Abrahamoff,aabrahamoffi1@amazon.com,Female,57.141.9.164
1001,Derrik,Ambler,dambleri2@photobucket.com,Male,43.150.231.28
1001,Bee,MacRirie,bmacririei3@shinystat.com,Female,114.177.144.8
1001,Reine,Grellis,rgrellisi4@mac.com,Female,45.144.128.39
1001,Kimble,Deaves,kdeavesi5@cbsnews.com,Male,209.80.123.71
1001,Kippy,Wernher,kwernheri6@tumblr.com,Female,180.103.211.146
1001,Lawton,Burde,lburdei7@usnews.com,Male,89.188.239.236
1001,Gerry,Harbron,gharbroni8@rakuten.co.jp,Female,76.182.244.104
1001,Hobart,Grenshields,hgrenshieldsi9@discuz.net,Male,189.143.79.247
1001,Arny,Shirlaw,ashirlawia@dmoz.org,Male,49.41.31.59
1001,Rory,Shackel,rshackelib@ucoz.ru,Female,15.124.125.162
1001,Charline,Wimpress,cwimpressic@youku.com,Female,102.79.131.167
1001,Jody,Casterou,jcasterouid@washingtonpost.com,Female,240.177.10.3
1001,Kaitlynn,Runnicles,krunniclesie@cargocollective.com,Female,147.92.248.227
1001,Adora,Debill,adebillif@xing.com,Female,139.4.150.56
1001,Helaina,Bezzant,hbezzantig@pinterest.com,Female,25.129.33.120
1001,Gordie,Paulet,gpauletih@prnewswire.com,Agender,41.197.222.29
1001,Milka,Knappitt,mknappittii@alibaba.com,Female,65.56.56.19
1001,Herculie,Balthasar,hbalthasarij@stanford.edu,Male,254.94.34.91
1001,Randene,Acres,racresik@shop-pro.jp,Female,89.123.189.94
1001,Moise,Scandwright,mscandwrightil@prweb.com,Male,158.244.93.25
1001,Wadsworth,Atheis,watheisim@shareasale.com,Male,32.48.180.113
1001,Hi,Kienlein,hkienleinin@alibaba.com,Male,187.74.124.250
1001,Frances,Rays,fraysio@imdb.com,Non-binary,6.188.235.123
1001,Putnam,Puttergill,pputtergillip@yale.edu,Male,92.206.185.179
1001,Arabella,Seller,aselleriq@ca.gov,Female,164.56.104.143
1001,Moise,Swinney,mswinneyir@wikipedia.org,Male,197.234.200.107
1001,Vickie,Trengrove,vtrengroveis@msu.edu,Female,179.224.170.91
1001,Ezekiel,Rolin,erolinit@simplemachines.org,Agender,45.36.176.156
1001,Selina,Ksandra,sksandraiu@amazon.de,Female,163.207.189.43
1001,Sheryl,Maisey,smaiseyiv@facebook.com,Female,199.187.189.157
1001,Nonie,Boyington,nboyingtoniw@icq.com,Female,98.171.208.20
1001,Imogene,Airs,iairsix@blinklist.com,Female,0.215.137.16
1001,Maudie,Chisnall,mchisnalliy@4shared.com,Female,184.135.98.40
1001,Carmelita,Chappell,cchappelliz@yellowbook.com,Female,43.168.144.168
1001,Queenie,Wolford,qwolfordj0@amazon.co.jp,Female,42.250.120.209
1001,Ardelle,Marcham,amarchamj1@wsj.com,Female,145.169.20.28
1001,Peadar,Ferrucci,pferruccij2@webmd.com,Male,120.214.216.150
1001,Page,Drayton,pdraytonj3@phpbb.com,Male,157.214.154.108
1001,Harper,Hopfer,hhopferj4@example.com,Male,118.132.181.96
1001,Eveleen,Berriball,eberriballj5@marriott.com,Female,207.46.158.87
1001,Yevette,Samways,ysamwaysj6@facebook.com,Female,198.130.86.126
1001,Zabrina,Vasilyonok,zvasilyonokj7@miibeian.gov.cn,Female,220.113.60.18
1001,Corby,Laguerre,claguerrej8@xinhuanet.com,Male,68.54.58.254
1001,Amelina,Winch,awinchj9@walmart.com,Female,50.149.54.30
1001,Silvain,Brocks,sbrocksja@zimbio.com,Bigender,221.55.159.8
1001,Xenia,Rawes,xrawesjb@livejournal.com,Female,227.27.17.105
1001,Cobb,Juara,cjuarajc@creativecommons.org,Male,131.217.25.6
1001,Vonnie,Cartner,vcartnerjd@theglobeandmail.com,Female,153.0.160.201
1001,Hinda,De Zuani,hdezuanije@behance.net,Female,141.190.187.133
1001,Kailey,Renshall,krenshalljf@state.tx.us,Female,99.207.217.215
1001,Selena,Prickett,sprickettjg@hibu.com,Female,50.73.153.42
1001,Silvain,Parradine,sparradinejh@economist.com,Male,75.217.48.235
1001,Daune,Gooddy,dgooddyji@google.cn,Female,81.183.69.143
1001,Marlin,Aizikovitch,maizikovitchjj@dailymail.co.uk,Male,127.101.207.3
1001,Latrena,Di Biasi,ldibiasijk@clickbank.net,Female,234.140.220.86
1001,Hasheem,Pooke,hpookejl@issuu.com,Male,166.165.70.8
1001,Maxy,Houlden,mhouldenjm@hubpages.com,Female,243.104.19.180
1001,Sherlocke,Franklin,sfranklinjn@chicagotribune.com,Male,81.29.235.190
1001,Wesley,Olsson,wolssonjo@ifeng.com,Male,153.225.27.115
1001,Shandee,Di Domenico,sdidomenicojp@icq.com,Female,104.217.122.24
1001,Meaghan,Thrussell,mthrusselljq@yahoo.com,Female,186.207.133.207
1001,Inge,Cloney,icloneyjr@columbia.edu,Female,164.196.199.252
1001,Arlee,Bawles,abawlesjs@storify.com,Female,179.44.35.148
1001,Reggis,Janda,rjandajt@msn.com,Male,31.222.150.80
1001,Maryann,Severns,msevernsju@theatlantic.com,Female,0.62.17.224
1001,Jefferson,Stonard,jstonardjv@tuttocitta.it,Male,95.149.35.166
1001,Elinor,Alennikov,ealennikovjw@mail.ru,Female,121.48.132.66
1001,Cymbre,Keave,ckeavejx@washington.edu,Female,108.195.14.171
1001,Roddie,Gethen,rgethenjy@ning.com,Male,223.66.224.87
1001,Lorianne,Cheeseman,lcheesemanjz@i2i.jp,Female,47.207.153.2
1001,Ardella,Addy,aaddyk0@upenn.edu,Female,196.209.181.95
1001,Eudora,Bemment,ebemmentk1@seesaa.net,Female,208.117.200.2
1001,Lois,Stamps,lstampsk2@soundcloud.com,Female,196.66.172.119
1001,Lotte,Brade,lbradek3@mail.ru,Female,104.172.33.177
1001,Nat,Weepers,nweepersk4@digg.com,Agender,0.179.159.224
1001,Kerrin,Jerisch,kjerischk5@blogger.com,Female,143.225.106.225
1001,Aleen,Bruneton,abrunetonk6@gravatar.com,Agender,97.112.48.101
1001,Eloise,Sandom,esandomk7@go.com,Genderfluid,34.68.90.157
1001,Alic,Catcheside,acatchesidek8@unblog.fr,Male,64.16.136.195
1001,Francoise,Westhofer,fwesthoferk9@nytimes.com,Female,123.25.40.246
1001,Dawn,Cleworth,dcleworthka@dion.ne.jp,Female,73.106.75.65
1001,Lise,MacAndreis,lmacandreiskb@sitemeter.com,Female,88.154.111.41
1001,Danette,Spacey,dspaceykc@sogou.com,Female,3.151.25.109
1001,Mordecai,Wisniewski,mwisniewskikd@ezinearticles.com,Male,88.17.115.160
1001,Conney,Gainseford,cgainsefordke@networkadvertising.org,Male,11.86.143.186
1001,Kizzie,Godfrey,kgodfreykf@liveinternet.ru,Female,19.241.102.70
1001,Chad,Twyford,ctwyfordkg@technorati.com,Genderfluid,123.216.19.102
1001,Kaylee,Eaglestone,keaglestonekh@oaic.gov.au,Female,210.179.74.246
1001,Steffane,Feasby,sfeasbyki@hc360.com,Female,13.8.74.1
1001,Elbert,Villa,evillakj@springer.com,Male,112.23.231.245
1001,Olive,Hayton,ohaytonkk@4shared.com,Female,172.180.250.75
1001,Vinnie,Duchenne,vduchennekl@hexun.com,Female,226.182.250.213
1001,Arvie,St. Clair,astclairkm@domainmarket.com,Male,176.138.242.188
1001,Bernardo,Thaxton,bthaxtonkn@tripod.com,Male,224.184.47.9
1001,Stefania,Rraundl,srraundlko@g.co,Female,38.211.198.39
1001,Milzie,Catanheira,mcatanheirakp@comsenz.com,Female,196.225.102.189
1001,Dori,De Few,ddefewkq@fc2.com,Female,89.36.65.115
1001,Edith,Bingley,ebingleykr@examiner.com,Female,84.7.9.88
1001,Diena,Newell,dnewellks@e-recht24.de,Genderfluid,37.188.26.105
1001,Eyde,Antyukhin,eantyukhinkt@wp.com,Female,53.175.99.29
1001,Abagail,Prettyjohn,aprettyjohnku@goodreads.com,Female,79.51.188.122
1001,Doris,Montier,dmontierkv@dot.gov,Female,80.172.110.222
1001,Kristi,Durtnell,kdurtnellkw@ehow.com,Female,235.28.163.180
1001,Kriste,MacCafferky,kmaccafferkykx@cdc.gov,Female,14.132.157.168
1001,Hetti,Crisell,hcrisellky@samsung.com,Female,35.191.81.45
1001,Sada,Crosi,scrosikz@g.co,Female,150.113.188.222
1001,Gui,Ropartz,gropartzl0@time.com,Female,157.78.88.119
1001,Bear,Spadollini,bspadollinil1@newsvine.com,Male,114.38.34.44
1001,Jimmy,De Carteret,jdecarteretl2@edublogs.org,Male,205.205.195.114
1001,Allix,Domel,adomell3@yahoo.com,Female,197.242.197.73
1001,Launce,Isenor,lisenorl4@mit.edu,Male,204.56.175.121
1001,Kendricks,Morcom,kmorcoml5@geocities.jp,Male,158.236.92.66
1001,Yardley,Bamber,ybamberl6@goo.gl,Male,136.236.166.35
1001,Fabe,Huban,fhubanl7@buzzfeed.com,Male,208.16.101.189
1001,Asher,Hackleton,ahackletonl8@drupal.org,Male,172.182.63.46
1001,Emerson,Tanby,etanbyl9@multiply.com,Male,120.224.175.157
1001,Gracia,Bolgar,gbolgarla@usnews.com,Female,193.133.114.53
1001,Marney,Cotty,mcottylb@mapy.cz,Female,250.33.232.23
1001,Kristine,Novelli,knovellilc@columbia.edu,Female,8.186.229.164
1001,Catina,Lugg,cluggld@parallels.com,Female,213.121.211.174
1001,Jyoti,Chucks,jchucksle@tuttocitta.it,Female,208.77.130.24
1001,Gregory,Duffan,gduffanlf@symantec.com,Male,198.11.151.129
1001,Velma,Duddle,vduddlelg@theglobeandmail.com,Agender,206.96.221.248
1001,Drew,Trawin,dtrawinlh@google.co.jp,Male,159.21.2.10
1001,Herschel,Loiterton,hloitertonli@ed.gov,Male,136.106.251.89
1001,Ram,Wennam,rwennamlj@booking.com,Male,39.70.110.173
1001,Martino,Cassar,mcassarlk@lycos.com,Male,71.233.222.229
1001,Wandis,Shearer,wshearerll@biblegateway.com,Female,45.74.38.129
1001,Lauren,Dubock,ldubocklm@yelp.com,Non-binary,3.123.137.58
1001,Arv,Ewdale,aewdaleln@google.co.uk,Male,19.190.240.210
1001,Conrade,Loble,cloblelo@biblegateway.com,Male,135.31.191.151
1001,Freeland,Nield,fnieldlp@hp.com,Male,63.213.87.159
1001,Corry,Sproul,csproullq@dagondesign.com,Female,181.162.49.188
1001,Caresa,Plowman,cplowmanlr@youku.com,Female,184.39.89.49
1001,Davidde,MacGorman,dmacgormanls@blogtalkradio.com,Agender,50.180.52.120
1001,Kylie,Finlry,kfinlrylt@theglobeandmail.com,Male,216.154.67.241
1001,Savina,Alderwick,salderwicklu@miibeian.gov.cn,Female,167.81.15.119
1001,Val,Taberer,vtabererlv@ezinearticles.com,Male,234.90.7.183
1001,Allyson,Connors,aconnorslw@blogspot.com,Female,208.143.112.126
1001,Eadith,Deacock,edeacocklx@princeton.edu,Female,134.117.124.104
1001,Lancelot,Townson,ltownsonly@cdbaby.com,Male,191.22.124.238
1001,Gaspar,Vobes,gvobeslz@cisco.com,Male,18.88.68.158
1001,Carlye,Columbell,ccolumbellm0@tuttocitta.it,Female,94.136.93.217
1001,Maria,Pond,mpondm1@mashable.com,Female,252.254.101.232
1001,Earl,Morsom,emorsomm2@com.com,Male,10.203.167.97
1001,Standford,Wharram,swharramm3@creativecommons.org,Male,36.51.165.21
1001,Nichol,Pearmain,npearmainm4@army.mil,Female,8.230.104.191
1001,Herbert,Tetford,htetfordm5@cam.ac.uk,Male,85.224.35.220
1001,Giffy,Dudderidge,gdudderidgem6@walmart.com,Male,133.192.4.14
1001,Jeanette,Lowndsbrough,jlowndsbroughm7@tiny.cc,Female,183.37.100.207
1001,Zilvia,Gibbins,zgibbinsm8@mysql.com,Genderqueer,251.144.7.174
1001,Cinderella,Robiot,crobiotm9@toplist.cz,Female,250.147.88.112
1001,Kelley,Sumpton,ksumptonma@oakley.com,Male,63.130.31.64
1001,Lila,Goretti,lgorettimb@msu.edu,Female,38.5.214.187
1001,Lynelle,O'Monahan,lomonahanmc@dot.gov,Female,39.7.48.235
1001,Domini,Lieb,dliebmd@ibm.com,Female,193.127.88.90
1001,Thorny,Caudray,tcaudrayme@vinaora.com,Male,59.77.180.242
1001,Ag,Stallworthy,astallworthymf@jimdo.com,Female,117.25.202.130
1001,Scott,Elcoux,selcouxmg@cornell.edu,Male,255.54.239.52
1001,Whitney,Mewis,wmewismh@last.fm,Female,99.249.176.214
1001,Langston,Haydn,lhaydnmi@smh.com.au,Male,18.80.150.224
1001,Launce,Frame,lframemj@nbcnews.com,Male,207.36.7.215
1001,Paolo,Mayling,pmaylingmk@census.gov,Male,169.42.62.246
1001,Danica,Egiloff,degiloffml@51.la,Female,233.218.91.236
1001,Goldie,Nutkin,gnutkinmm@ebay.com,Female,118.65.52.229
1001,Alair,Kaiser,akaisermn@redcross.org,Genderqueer,238.73.192.243
1001,Alejandro,Gludor,agludormo@ibm.com,Male,27.231.101.123
1001,Jacinta,MacGillacolm,jmacgillacolmmp@cbc.ca,Female,164.248.31.197
1001,Victoir,Maughan,vmaughanmq@soundcloud.com,Male,91.175.70.42
1001,Robert,Curnow,rcurnowmr@ihg.com,Male,95.91.114.59
1001,Elisa,MacAllaster,emacallasterms@reverbnation.com,Female,207.171.32.251
1001,Katrinka,Shurville,kshurvillemt@networksolutions.com,Female,129.240.64.201
1001,Gloriane,Braban,gbrabanmu@sciencedaily.com,Female,36.20.202.189
1001,Dorotea,Empringham,dempringhammv@digg.com,Female,139.155.12.131
1001,Honoria,Petit,hpetitmw@wikia.com,Female,76.171.46.253
1001,Sharleen,Daily,sdailymx@wired.com,Female,187.12.186.1
1001,Tilly,Lees,tleesmy@macromedia.com,Female,37.186.111.27
1001,Collin,Caskie,ccaskiemz@wordpress.com,Male,208.16.225.120
1001,Murray,Boice,mboicen0@newsvine.com,Male,47.152.94.127
1001,Shelba,Alabastar,salabastarn1@google.pl,Female,100.2.3.41
1001,Alvan,Dumbelton,adumbeltonn2@indiatimes.com,Male,129.32.229.130
1001,Duffy,Heddon,dheddonn3@latimes.com,Male,105.31.183.77
1001,Boycey,Wason,bwasonn4@indiatimes.com,Male,218.238.59.142
1001,Casandra,Bendle,cbendlen5@redcross.org,Female,173.76.250.12
1001,Horst,Di Ruggero,hdiruggeron6@sfgate.com,Male,234.179.159.237
1001,Jerrie,Blakeston,jblakestonn7@virginia.edu,Male,181.251.249.57
1001,Roscoe,Ingman,ringmann8@thetimes.co.uk,Male,143.237.123.173
1001,Skipp,Frankling,sfranklingn9@mashable.com,Male,167.157.162.173
1001,Gale,Toleman,gtolemanna@aol.com,Female,217.54.88.90
1001,Blondelle,Noblett,bnoblettnb@com.com,Female,230.233.235.103
1001,Kalil,Whitwell,kwhitwellnc@topsy.com,Male,184.85.88.136
1001,Gay,Bonfield,gbonfieldnd@mozilla.com,Female,65.110.141.231
1001,Kathlin,Ivanchov,kivanchovne@youtube.com,Female,254.245.33.171
1001,Irma,Grestie,igrestienf@prweb.com,Female,150.52.99.85
1001,Florenza,Gerring,fgerringng@dmoz.org,Female,8.78.22.188
1001,Errick,Syddall,esyddallnh@shinystat.com,Male,47.147.202.157
1001,Brooke,Waddingham,bwaddinghamni@ameblo.jp,Female,100.123.254.83
1001,Claude,Castri,ccastrinj@vimeo.com,Female,180.218.88.75
1001,Tobe,Vanichev,tvanichevnk@dyndns.org,Male,215.237.13.191
1001,Whitney,Kornyakov,wkornyakovnl@mac.com,Female,30.15.36.153
1001,Carroll,Fourmy,cfourmynm@prweb.com,Female,166.30.246.47
1001,Erik,Pfeffle,epfefflenn@answers.com,Male,60.149.92.26
1001,Michaelina,Pepler,mpeplerno@independent.co.uk,Female,121.64.192.16
1001,Karalee,Ludmann,kludmannnp@jalbum.net,Female,177.120.233.50
1001,Burnaby,Arndell,barndellnq@mac.com,Male,115.225.98.178
1001,Luce,Stovine,lstovinenr@walmart.com,Female,195.254.93.22
1001,Torrey,Jurczyk,tjurczykns@nydailynews.com,Male,45.6.185.123
1001,Llewellyn,Kopmann,lkopmannnt@woothemes.com,Male,173.126.40.135
1001,Issie,Giovannelli,igiovannellinu@reuters.com,Female,230.137.198.239
1001,Claiborne,Kinner,ckinnernv@oaic.gov.au,Male,12.122.241.109
1001,Engelbert,Dignall,edignallnw@sohu.com,Male,81.206.62.27
1001,Ellary,Girt,egirtnx@symantec.com,Male,8.58.244.88
1001,Alyda,Nand,anandny@china.com.cn,Female,224.63.78.250
1001,Dido,Vasyukov,dvasyukovnz@mashable.com,Female,251.208.25.3
1001,Heidi,Corssen,hcorsseno0@bigcartel.com,Female,5.137.26.222
1001,Ailbert,Clunie,aclunieo1@wufoo.com,Genderfluid,241.81.34.33
1001,Lee,Gasson,lgassono2@friendfeed.com,Male,107.140.37.216
1001,Westley,MacDuffie,wmacduffieo3@usda.gov,Male,41.134.168.237
1001,Hedvig,Willarton,hwillartono4@acquirethisname.com,Female,50.149.218.25
1001,Julio,Shearman,jshearmano5@lulu.com,Male,162.119.112.62
1001,Allie,Thon,athono6@archive.org,Male,206.167.121.153
1001,Elvyn,Aingell,eaingello7@taobao.com,Male,21.124.14.34
1001,Stillmann,Axston,saxstono8@nba.com,Male,91.138.247.27
1001,Krystal,Wehden,kwehdeno9@google.ca,Female,75.151.61.166
1001,Candis,Durak,cdurakoa@google.nl,Female,250.104.7.122
1001,Alaric,Henrionot,ahenrionotob@admin.ch,Male,61.203.97.229
1001,Kele,Shall,kshalloc@de.vu,Bigender,99.160.29.182
1001,Tallia,Audenis,taudenisod@w3.org,Female,175.228.13.228
1001,Mehetabel,Blackston,mblackstonoe@yolasite.com,Female,207.238.78.179
1001,Felizio,Pack,fpackof@usatoday.com,Male,185.61.233.220
1001,Joannes,Cranney,jcranneyog@xrea.com,Female,3.40.81.14
1001,Germayne,Esmead,gesmeadoh@google.co.jp,Male,17.89.122.112
1001,Waylon,Cordie,wcordieoi@java.com,Male,131.123.236.56
1001,Donnell,Charlick,dcharlickoj@imageshack.us,Male,243.112.208.122
1001,Prentice,Sekulla,psekullaok@about.com,Male,151.13.39.88
1001,Avrit,Thurby,athurbyol@apache.org,Female,174.181.8.61
1001,Cherianne,McGuffie,cmcguffieom@google.cn,Female,212.102.157.163
1001,Mattheus,Gatward,mgatwardon@ebay.com,Male,37.71.145.159
1001,Meade,Nornable,mnornableoo@booking.com,Female,239.233.179.53
1001,Christoph,Carvell,ccarvellop@tamu.edu,Male,15.5.254.118
1001,Mitch,Raddon,mraddonoq@lycos.com,Male,166.182.151.106
1001,Ferne,McEntegart,fmcentegartor@gnu.org,Female,251.166.134.244
1001,Brnaby,Larn,blarnos@jigsy.com,Male,123.87.244.56
1001,Hillel,Bernhardsson,hbernhardssonot@wp.com,Male,16.189.5.80
1001,Constantine,Bounde,cboundeou@google.co.uk,Female,68.232.135.69
1001,Kendell,Duerden,kduerdenov@creativecommons.org,Male,95.181.179.82
1001,Lorinda,Brando,lbrandoow@delicious.com,Female,2.250.179.60
1001,Johny,McGiff,jmcgiffox@blogspot.com,Male,157.125.98.0
1001,Darrin,Bowker,dbowkeroy@discuz.net,Male,145.201.230.236
1001,Glendon,Bockett,gbockettoz@alexa.com,Male,142.170.208.125
1001,Rhoda,Creavin,rcreavinp0@shutterfly.com,Female,172.252.209.87
1001,Anthe,Pasley,apasleyp1@amazon.de,Female,127.175.155.80
1001,Pennie,Beningfield,pbeningfieldp2@sbwire.com,Female,228.44.218.163
1001,Priscella,Kelland,pkellandp3@stanford.edu,Female,227.7.194.126
1001,Ninnetta,Waycot,nwaycotp4@reference.com,Female,129.118.40.33
1001,Marchall,Rubroe,mrubroep5@wufoo.com,Bigender,249.108.127.167
1001,Jessalin,Dalliwater,jdalliwaterp6@webeden.co.uk,Female,57.47.61.200
1001,Audrie,Tweedie,atweediep7@wiley.com,Female,159.137.25.239
1001,Nevil,Brockton,nbrocktonp8@harvard.edu,Male,137.42.200.37
1001,Jephthah,Sturges,jsturgesp9@netscape.com,Male,197.26.17.255
1001,Enid,Bagehot,ebagehotpa@flickr.com,Female,222.34.10.196
1001,Whitby,Carlisi,wcarlisipb@statcounter.com,Male,59.143.172.61
1001,Avram,Warrior,awarriorpc@un.org,Male,207.57.226.165
1001,Charlean,Lethley,clethleypd@craigslist.org,Female,103.29.99.118
1001,Kincaid,Terry,kterrype@rakuten.co.jp,Bigender,252.186.211.87
1001,Celestine,Artois,cartoispf@ucsd.edu,Genderfluid,215.3.222.2
1001,Catherina,Theodore,ctheodorepg@bing.com,Female,231.166.76.194
1001,Petronilla,Hanse,phanseph@home.pl,Female,99.227.135.207
1001,Salvador,Schindler,sschindlerpi@seesaa.net,Male,203.215.171.217
1001,Susana,Cearley,scearleypj@blogspot.com,Female,9.78.111.233
1001,Fraser,Menloe,fmenloepk@dagondesign.com,Male,31.134.120.40
1001,Robbyn,Arsnell,rarsnellpl@ehow.com,Female,99.129.39.185
1001,Zenia,Boobier,zboobierpm@fc2.com,Female,32.63.234.28
1001,Vanya,Iacovo,viacovopn@sourceforge.net,Female,30.6.30.177
1001,Dionisio,Colyer,dcolyerpo@umn.edu,Male,6.3.52.131
1001,Rozamond,Grain,rgrainpp@exblog.jp,Female,16.165.40.102
1001,Irwinn,Kyles,ikylespq@istockphoto.com,Male,142.220.14.182
1001,Gael,Adamovicz,gadamoviczpr@t.co,Male,201.49.134.51
1001,Stephana,Goggen,sgoggenps@woothemes.com,Female,225.97.204.95
1001,Ashlee,Bance,abancept@webnode.com,Female,152.184.206.76
1001,Eddie,Phizaclea,ephizacleapu@1688.com,Genderqueer,205.190.192.229
1001,Dalenna,Gorgl,dgorglpv@youku.com,Female,219.73.91.3
1001,Toddie,Avraam,tavraampw@mail.ru,Male,193.118.38.33
1001,Baxy,Coskerry,bcoskerrypx@joomla.org,Male,75.224.249.141
1001,Oran,Vanyarkin,ovanyarkinpy@w3.org,Non-binary,29.212.199.2
1001,Dorolice,Dowdeswell,ddowdeswellpz@list-manage.com,Female,50.187.190.15
1001,Flossi,Ayars,fayarsq0@nba.com,Female,66.197.15.79
1001,Katusha,Gutridge,kgutridgeq1@w3.org,Female,31.64.82.162
1001,Scarface,Noulton,snoultonq2@slate.com,Male,221.140.85.90
1001,Alfreda,Ramey,arameyq3@npr.org,Female,103.167.220.176
1001,Johnny,Leathem,jleathemq4@sphinn.com,Male,225.193.30.237
1001,Brianna,De Freyne,bdefreyneq5@cdbaby.com,Female,188.200.58.107
1001,Biddy,Flowerdew,bflowerdewq6@tuttocitta.it,Female,43.59.124.4
1001,Germayne,Fermer,gfermerq7@mtv.com,Male,223.29.25.155
1001,Baudoin,Jakobssen,bjakobssenq8@netlog.com,Male,26.45.58.165
1001,Iseabal,Naptine,inaptineq9@nytimes.com,Female,127.252.255.209
1001,Ericka,Dickey,edickeyqa@newsvine.com,Female,115.244.109.136
1001,Des,Wincott,dwincottqb@homestead.com,Male,130.151.84.239
1001,Selle,Mathivet,smathivetqc@taobao.com,Female,58.49.228.113
1001,Danika,Hawney,dhawneyqd@cbc.ca,Female,150.62.37.84
1001,Celia,Frewer,cfrewerqe@gov.uk,Female,203.197.232.202
1001,Abbott,McPhee,amcpheeqf@multiply.com,Male,106.82.163.99
1001,Sterling,D'Avaux,sdavauxqg@sphinn.com,Male,244.254.28.219
1001,Travus,O'Scanlan,toscanlanqh@paginegialle.it,Agender,137.195.114.179
1001,Lockwood,Pudan,lpudanqi@geocities.com,Male,30.118.34.167
1001,Lottie,Peinton,lpeintonqj@slate.com,Female,174.250.54.255
1001,Parker,Thirlaway,pthirlawayqk@etsy.com,Male,187.249.225.208
1001,Carter,Reedyhough,creedyhoughql@comcast.net,Male,203.86.14.75
1001,Coletta,Grealey,cgrealeyqm@free.fr,Female,76.17.169.216
1001,Malinda,Peacocke,mpeacockeqn@craigslist.org,Female,13.234.253.31
1001,Paige,Rowberry,prowberryqo@bluehost.com,Female,196.188.69.54
1001,Winne,Siaskowski,wsiaskowskiqp@youtube.com,Female,174.24.201.158
1001,Deerdre,McMorland,dmcmorlandqq@angelfire.com,Female,149.131.176.138
1001,Trueman,Brunger,tbrungerqr@opensource.org,Male,254.145.131.121
1001,Cinnamon,Giacobo,cgiacoboqs@latimes.com,Female,163.242.196.224
1001,Allyce,Apfler,aapflerqt@wikia.com,Female,179.207.123.17
1001,Barde,Steet,bsteetqu@canalblog.com,Male,41.93.39.83
1001,Gran,Stronge,gstrongeqv@blogtalkradio.com,Male,214.186.45.73
1001,Bertram,Iacomelli,biacomelliqw@samsung.com,Male,250.68.160.161
1001,Ettore,Coombs,ecoombsqx@rediff.com,Male,219.125.129.169
1001,Charmion,Guyers,cguyersqy@sourceforge.net,Agender,253.244.86.59
1001,Avram,Selley,aselleyqz@ehow.com,Male,113.55.38.210
1001,Findley,Birckmann,fbirckmannr0@360.cn,Male,130.6.232.238
1001,Jacquelyn,McGarvie,jmcgarvier1@unesco.org,Female,155.66.155.251
1001,Corrine,Cudihy,ccudihyr2@altervista.org,Female,120.169.219.5
1001,Franky,Stickney,fstickneyr3@chronoengine.com,Male,178.169.247.165
1001,Granger,Newall,gnewallr4@pen.io,Male,134.150.47.114
1001,Joshua,Winskill,jwinskillr5@cnet.com,Genderqueer,243.31.182.10
1001,Gris,Springthorp,gspringthorpr6@google.it,Male,21.0.181.39
1001,Eziechiele,Liebmann,eliebmannr7@engadget.com,Male,73.250.82.80
1001,Jessy,Nuth,jnuthr8@senate.gov,Female,203.247.156.0
1001,Peggi,Bonham,pbonhamr9@mlb.com,Female,70.102.222.146
1001,Kissie,Ulyatt,kulyattra@ovh.net,Female,125.63.115.174
1001,Magda,Robillart,mrobillartrb@sitemeter.com,Female,114.45.80.42
1001,Eryn,Ripping,erippingrc@virginia.edu,Female,166.17.148.48
1001,Aldus,Kardos-Stowe,akardosstowerd@bravesites.com,Male,205.172.231.178
1001,Mikel,Figg,mfiggre@slideshare.net,Male,61.143.211.249
1001,Isaac,Tilliards,itilliardsrf@cocolog-nifty.com,Male,147.187.115.24
1001,Neila,Spira,nspirarg@51.la,Female,131.53.5.82
1001,Hermione,Faudrie,hfaudrierh@skyrock.com,Non-binary,204.61.149.47
1001,Cecil,McEvon,cmcevonri@harvard.edu,Female,239.63.220.198
1001,Muhammad,Brimacombe,mbrimacomberj@yahoo.com,Male,229.200.101.253
1001,Mead,Westmacott,mwestmacottrk@nationalgeographic.com,Genderqueer,214.204.31.133
1001,Suzy,Heare,shearerl@umn.edu,Female,100.75.43.7
1001,Nessa,Knotton,nknottonrm@sogou.com,Female,121.44.189.89
1001,Lind,McKinnon,lmckinnonrn@webnode.com,Bigender,225.51.111.123
1001,Nedi,Lark,nlarkro@flickr.com,Female,186.28.254.79
1001,Rheba,Kellick,rkellickrp@paypal.com,Female,28.172.176.134
1001,Galvin,Linbohm,glinbohmrq@booking.com,Male,248.240.114.102
1001,Abeu,Verissimo,averissimorr@csmonitor.com,Male,104.29.52.66
