id,first_name,last_name,email,gender,ip_address
1,Marice,Ortet,mortet0@psu.edu,Female,159.103.211.191
2,Wynne,Sahlstrom,wsahlstrom1@ucoz.ru,Female,85.231.154.228
3,Simone,Mac,smac2@biglobe.ne.jp,Female,12.96.84.207
4,Ashil,Inchley,ainchley3@symantec.com,Polygender,0.249.226.254
5,Warde,MacLeese,wmacleese4@ovh.net,Agender,222.240.13.67
6,Mack,Charpling,mcharpling5@princeton.edu,Male,222.125.193.23
7,Hildegaard,Veschambes,hveschambes6@php.net,Female,71.239.228.170
8,Read,Foxten,rfoxten7@squidoo.com,Male,176.15.251.179
9,Rogerio,Balaison,rbalaison8@instagram.com,Male,21.141.125.245
10,Templeton,MacTrustam,tmactrustam9@ft.com,Male,118.186.62.68
11,Farlay,Grzeszczyk,fgrzeszczyka@barnesandnoble.com,Male,109.240.116.184
12,Susi,Ganing,sganingb@drupal.org,Polygender,114.185.237.243
13,Ralina,Fereday,rferedayc@geocities.jp,Female,110.128.45.111
14,Efren,McGaughey,emcgaugheyd@github.io,Male,46.90.177.120
15,Louie,Baile,lbailee@g.co,Male,123.28.139.11
16,Annice,Reicharz,areicharzf@paypal.com,Female,134.185.164.59
17,Steffie,MacGuigan,smacguigang@weather.com,Female,95.24.155.158
18,Lenka,MacMearty,lmacmeartyh@noaa.gov,Female,4.228.10.6
19,Reg,Crennan,rcrennani@is.gd,Male,120.237.71.12
20,Justen,Flockhart,jflockhartj@dailymotion.com,Male,243.236.11.202
21,Lowrance,Prahm,lprahmk@goodreads.com,Male,107.98.3.39
22,Abramo,Baddeley,abaddeleyl@ebay.com,Male,107.183.135.141
23,Gustav,Ebunoluwa,gebunoluwam@ocn.ne.jp,Male,31.126.110.54
24,Leann,Crawford,lcrawfordn@naver.com,Female,43.86.105.102
25,Janka,McCahey,jmccaheyo@surveymonkey.com,Female,175.247.247.255
26,Margo,Couche,mcouchep@weibo.com,Female,85.36.61.100
27,Benjy,Kesteven,bkestevenq@stanford.edu,Male,14.168.214.239
28,Frederik,Bastick,fbastickr@1und1.de,Male,88.112.162.192
29,Madelle,Issacson,missacsons@histats.com,Female,183.142.130.43
30,Anallese,Speeding,aspeedingt@omniture.com,Female,191.43.50.220
31,Valdemar,Condy,vcondyu@google.cn,Male,168.80.216.149
32,Annadiana,Brennan,abrennanv@furl.net,Agender,237.102.80.200
33,Godfrey,Yoselevitch,gyoselevitchw@weather.com,Male,15.91.87.228
34,Erna,Wrigglesworth,ewrigglesworthx@slideshare.net,Female,243.242.31.5
35,Dominica,Fordham,dfordhamy@51.la,Female,143.15.91.46
36,Randie,Zum Felde,rzumfeldez@pinterest.com,Male,156.88.236.237
37,Johnny,Moodie,jmoodie10@webeden.co.uk,Genderqueer,85.49.208.153
38,Kylie,Sparrow,ksparrow11@artisteer.com,Female,180.150.66.182
39,Shena,Whitelock,swhitelock12@opensource.org,Female,65.65.14.51
40,Benjamin,Norvel,bnorvel13@php.net,Male,151.88.85.206
41,Sherri,Cellier,scellier14@blogspot.com,Female,138.217.168.127
42,Valery,Curro,vcurro15@samsung.com,Female,142.123.170.206
43,Baxie,Pullinger,bpullinger16@diigo.com,Male,6.210.248.181
44,Robers,Stollman,rstollman17@booking.com,Male,57.85.233.44
45,Charlotte,Tuckerman,ctuckerman18@webnode.com,Female,167.147.157.112
46,Korie,Schout,kschout19@jugem.jp,Female,148.88.160.193
47,Verna,Worrell,vworrell1a@a8.net,Genderfluid,237.14.206.227
48,Marcelo,Collingwood,mcollingwood1b@ed.gov,Male,7.226.48.53
49,Ailis,Berends,aberends1c@mapy.cz,Female,201.40.7.198
50,Kitty,Edes,kedes1d@goo.gl,Female,96.75.37.14
51,Mal,Wozencroft,mwozencroft1e@ftc.gov,Male,127.198.1.145
52,Shel,Zecchii,szecchii1f@symantec.com,Female,17.65.238.164
53,Issie,Stefi,istefi1g@tuttocitta.it,Female,14.218.168.164
54,Luise,De'Vere - Hunt,ldeverehunt1h@illinois.edu,Female,83.188.163.194
55,Whitman,Wolfindale,wwolfindale1i@4shared.com,Male,152.107.211.46
56,Dalila,Swannick,dswannick1j@independent.co.uk,Female,143.97.199.133
57,Leslie,Furney,lfurney1k@squarespace.com,Female,122.20.64.193
58,Kandy,Colliss,kcolliss1l@vinaora.com,Female,119.204.199.67
59,Dirk,Smail,dsmail1m@google.cn,Non-binary,81.73.236.243
60,Ty,Smallsman,tsmallsman1n@engadget.com,Male,112.169.90.143
61,Garv,Liell,gliell1o@sitemeter.com,Male,113.21.233.149
62,Panchito,Wick,pwick1p@rediff.com,Male,156.54.34.220
63,Suzi,Woffinden,swoffinden1q@independent.co.uk,Female,164.140.63.83
64,Hart,Elliott,helliott1r@imdb.com,Male,213.171.204.143
65,Devlen,Chicco,dchicco1s@godaddy.com,Male,0.89.250.13
66,Quincy,Iacovelli,qiacovelli1t@state.gov,Male,242.231.91.105
67,Bar,Fudger,bfudger1u@imageshack.us,Male,6.97.82.45
68,Vinnie,Canton,vcanton1v@howstuffworks.com,Male,219.130.148.203
69,Forrest,Rosewarne,frosewarne1w@t.co,Male,29.133.240.45
70,Salim,Gallafant,sgallafant1x@tripadvisor.com,Male,33.11.201.70
71,Addison,Tebboth,atebboth1y@umich.edu,Male,119.149.72.37
72,Tiffany,Brunsden,tbrunsden1z@drupal.org,Female,50.107.142.245
73,Nikola,Petch,npetch20@wikispaces.com,Male,210.235.51.161
74,Thomas,Hurton,thurton21@fema.gov,Male,147.75.90.76
75,Salomo,Norval,snorval22@domainmarket.com,Male,1.154.149.198
76,Lefty,Kinchley,lkinchley23@skype.com,Male,213.168.228.105
77,Shina,Cleugh,scleugh24@sciencedaily.com,Female,79.148.157.195
78,Shelli,Cocci,scocci25@bandcamp.com,Female,82.226.42.38
79,Blondie,Drakes,bdrakes26@wikipedia.org,Female,51.220.254.40
80,Caril,McKinie,cmckinie27@example.com,Female,58.78.133.195
81,Bert,Keer,bkeer28@addtoany.com,Female,173.80.245.86
82,Mortimer,Foucard,mfoucard29@cisco.com,Male,223.121.20.102
83,Lin,Robers,lrobers2a@army.mil,Male,200.147.134.70
84,Monty,Saunper,msaunper2b@webeden.co.uk,Male,248.143.75.130
85,Shayne,Lisciandri,slisciandri2c@delicious.com,Bigender,207.203.15.240
86,Caryl,Yuryev,cyuryev2d@intel.com,Female,248.29.189.129
87,Standford,Liddiatt,sliddiatt2e@hugedomains.com,Male,147.217.41.99
88,Addi,Woodroff,awoodroff2f@pcworld.com,Female,144.65.244.231
89,Vick,Danigel,vdanigel2g@freewebs.com,Male,124.109.243.226
90,Talyah,Wolland,twolland2h@lulu.com,Female,235.220.130.212
91,Larissa,Hallad,lhallad2i@ebay.co.uk,Polygender,97.33.199.189
92,Marta,Drust,mdrust2j@disqus.com,Female,209.245.19.123
93,Jody,Clemas,jclemas2k@mail.ru,Female,166.107.16.123
94,Mariya,Glyde,mglyde2l@e-recht24.de,Genderqueer,16.76.181.198
95,Rhett,Normansell,rnormansell2m@google.com,Male,23.90.193.82
96,Brittaney,Gaither,bgaither2n@google.es,Female,114.29.80.79
97,Kalila,Falcus,kfalcus2o@cafepress.com,Female,126.15.77.238
98,Camile,Drinan,cdrinan2p@g.co,Female,190.51.91.233
99,Ricky,Garcia,rgarcia2q@umn.edu,Male,70.108.31.69
100,Pattie,Watkiss,pwatkiss2r@cafepress.com,Female,130.62.15.78
101,Bondie,Kringe,bkringe2s@harvard.edu,Male,150.206.205.51
102,Lynne,Vasenkov,lvasenkov2t@nifty.com,Female,33.200.242.234
103,Janeczka,Mack,jmack2u@printfriendly.com,Female,144.35.28.115
104,Arty,Combes,acombes2v@biblegateway.com,Male,185.27.191.175
105,Horatius,Mobley,hmobley2w@unblog.fr,Male,194.11.123.159
106,Flss,Mayfield,fmayfield2x@miibeian.gov.cn,Female,250.52.109.57
107,Alberta,Powers,apowers2y@auda.org.au,Female,50.158.84.160
108,Gwendolen,Lagden,glagden2z@sun.com,Female,138.221.232.218
109,Jacobo,Strick,jstrick30@vimeo.com,Male,39.85.231.67
110,Cleopatra,Burnie,cburnie31@geocities.jp,Female,193.245.209.49
111,Isidore,Querree,iquerree32@cyberchimps.com,Male,97.118.29.69
112,Onfre,Sharpous,osharpous33@bbc.co.uk,Male,29.192.26.175
113,Colan,Kauffman,ckauffman34@baidu.com,Male,225.42.2.91
114,Duffie,Pinney,dpinney35@amazon.com,Male,2.41.76.124
115,Lorianna,Tuffs,ltuffs36@indiegogo.com,Female,173.212.185.57
116,Morgana,O'Sherin,mosherin37@nba.com,Female,59.174.229.212
117,Stormy,Ziemen,sziemen38@technorati.com,Female,172.142.237.83
118,Jerri,Falvey,jfalvey39@symantec.com,Male,72.168.83.179
119,Panchito,Alesio,palesio3a@wisc.edu,Male,191.164.109.99
120,Morris,Zannotti,mzannotti3b@paginegialle.it,Polygender,167.128.67.130
121,Porter,Brinicombe,pbrinicombe3c@posterous.com,Male,144.218.173.148
122,Ivor,Thackston,ithackston3d@1688.com,Male,193.82.69.176
123,Gibby,Antwis,gantwis3e@delicious.com,Male,47.86.107.23
124,Richart,Kneal,rkneal3f@blinklist.com,Male,40.73.149.179
125,Drusie,Blomfield,dblomfield3g@webs.com,Female,246.64.49.83
126,Lory,Molder,lmolder3h@parallels.com,Female,15.49.212.37
127,Austin,Rankling,arankling3i@google.de,Male,105.135.147.189
128,Pancho,Colbridge,pcolbridge3j@icq.com,Genderqueer,55.170.254.128
129,Bria,Swendell,bswendell3k@oakley.com,Polygender,216.168.226.186
130,Chantal,Markie,cmarkie3l@cocolog-nifty.com,Female,117.238.72.227
131,Nicola,Ellaway,nellaway3m@zimbio.com,Male,140.241.250.85
132,Flo,Dumphreys,fdumphreys3n@spiegel.de,Female,163.212.214.223
133,Shannen,Marthen,smarthen3o@diigo.com,Female,24.17.14.53
134,Marshall,Farries,mfarries3p@blinklist.com,Male,81.8.97.107
135,Nehemiah,Joubert,njoubert3q@bloglovin.com,Male,173.97.128.84
136,Gracia,Meardon,gmeardon3r@opera.com,Female,41.212.127.36
137,Karlen,McClounan,kmcclounan3s@shutterfly.com,Female,250.88.57.148
138,Hurlee,Huglin,hhuglin3t@nyu.edu,Male,216.112.40.14
139,Ashlen,Dowell,adowell3u@deviantart.com,Female,153.147.246.189
140,Tania,Chalcroft,tchalcroft3v@google.com.hk,Female,68.68.48.154
141,Cherice,Lau,clau3w@sciencedirect.com,Female,145.170.179.127
142,Davey,Ewdale,dewdale3x@hhs.gov,Male,110.44.161.169
143,Friedrich,Colquitt,fcolquitt3y@a8.net,Male,186.216.253.206
144,Aggy,Spur,aspur3z@nih.gov,Female,172.60.102.188
145,Tobe,Blagdon,tblagdon40@intel.com,Male,173.228.128.2
146,Dolf,Gingle,dgingle41@nytimes.com,Male,80.175.81.189
147,Evangeline,Wasteney,ewasteney42@fema.gov,Female,105.109.44.213
148,Jere,Bard,jbard43@gravatar.com,Female,85.44.221.141
149,Tanya,Balsom,tbalsom44@sakura.ne.jp,Female,214.200.16.26
150,Alex,Anstiss,aanstiss45@amazon.com,Female,30.224.252.185
151,Rozanna,Cortese,rcortese46@weather.com,Female,152.79.105.23
152,Frannie,Groocock,fgroocock47@bloglovin.com,Female,229.57.12.106
153,Bartie,Girardot,bgirardot48@cyberchimps.com,Male,39.73.124.44
154,Simon,Faers,sfaers49@free.fr,Male,247.152.16.106
155,Birgitta,Verrell,bverrell4a@buzzfeed.com,Female,172.153.216.251
156,Stearne,Chattelaine,schattelaine4b@bbb.org,Male,224.173.119.199
157,Hailee,Leile,hleile4c@europa.eu,Female,30.175.169.201
158,Shannen,Pockett,spockett4d@globo.com,Female,35.87.192.159
159,Axel,Blewis,ablewis4e@guardian.co.uk,Male,164.102.162.45
160,Chelsey,Wickie,cwickie4f@flavors.me,Female,233.43.22.98
161,Hermy,Deboy,hdeboy4g@dropbox.com,Male,43.151.214.79
162,Brita,Lalevee,blalevee4h@squarespace.com,Female,222.232.248.62
163,Mikel,Rucklidge,mrucklidge4i@intel.com,Male,94.175.137.62
164,Lyn,Pyper,lpyper4j@cmu.edu,Female,85.76.146.141
165,Adah,Leguay,aleguay4k@squidoo.com,Female,151.42.208.169
166,Fawn,Antuk,fantuk4l@etsy.com,Female,62.104.23.187
167,Melosa,Goodenough,mgoodenough4m@tripadvisor.com,Female,24.151.194.249
168,Job,Rottenbury,jrottenbury4n@a8.net,Male,106.211.234.74
169,Fields,Cardwell,fcardwell4o@engadget.com,Male,125.172.79.238
170,Alaric,Bastard,abastard4p@tripod.com,Male,25.142.60.195
171,Dot,Sirl,dsirl4q@bandcamp.com,Female,36.231.200.174
172,Ardis,Weddell,aweddell4r@guardian.co.uk,Female,14.221.191.154
173,Wynnie,Winship,wwinship4s@oakley.com,Female,152.123.6.131
174,Thorstein,Steart,tsteart4t@addtoany.com,Bigender,157.234.3.34
175,Alane,Peltzer,apeltzer4u@harvard.edu,Female,0.47.220.130
176,Ariel,Balasini,abalasini4v@alexa.com,Male,75.29.76.185
177,Kora,Matyushenko,kmatyushenko4w@deliciousdays.com,Female,24.209.27.211
178,Basil,Light,blight4x@gmpg.org,Male,216.136.151.186
179,Mendy,Wych,mwych4y@wufoo.com,Male,219.46.180.59
180,Kendell,Readman,kreadman4z@google.nl,Male,38.163.98.106
181,Cynde,Wrankmore,cwrankmore50@washington.edu,Female,177.113.136.90
182,Ancell,Richel,arichel51@rambler.ru,Male,182.185.208.229
183,Brant,Carrodus,bcarrodus52@dell.com,Male,84.172.63.213
184,Maxie,Vallintine,mvallintine53@ask.com,Polygender,252.95.77.200
185,Morganica,Schechter,mschechter54@skype.com,Female,13.209.80.105
186,Molly,Gaukrodge,mgaukrodge55@t-online.de,Non-binary,171.108.255.205
187,Cristi,Folomin,cfolomin56@flavors.me,Female,110.197.208.146
188,Kittie,Sealy,ksealy57@samsung.com,Female,108.250.28.226
189,Louis,Lothean,llothean58@sciencedaily.com,Male,120.180.85.2
190,Gregorio,Riddlesden,griddlesden59@51.la,Male,248.67.81.86
191,Clarance,Sambath,csambath5a@weibo.com,Male,52.33.195.52
192,Julius,Charter,jcharter5b@rakuten.co.jp,Genderfluid,170.141.135.176
193,Goddart,Grattan,ggrattan5c@google.cn,Male,248.253.164.24
194,Anselm,Canero,acanero5d@skype.com,Male,28.64.127.158
195,Elfreda,Mc Pake,emcpake5e@google.com.br,Female,250.126.124.72
196,Gordie,Millichap,gmillichap5f@lulu.com,Male,221.190.253.84
197,Daryl,Cecchetelli,dcecchetelli5g@altervista.org,Male,192.84.131.82
198,Kayne,Devorill,kdevorill5h@imgur.com,Male,66.36.92.90
199,Andrey,Sherreard,asherreard5i@sbwire.com,Bigender,195.84.177.102
200,Zacherie,Roughan,zroughan5j@fotki.com,Male,50.139.99.98
201,Harry,Larter,hlarter5k@friendfeed.com,Male,141.167.63.20
202,Llewellyn,Dziwisz,ldziwisz5l@jalbum.net,Male,29.84.174.31
203,Sully,O' Reagan,soreagan5m@theatlantic.com,Agender,90.226.47.215
204,Lamond,Blucher,lblucher5n@wp.com,Non-binary,137.11.62.74
205,Burnard,Amer,bamer5o@odnoklassniki.ru,Male,46.87.203.148
206,Cletis,Ivins,civins5p@last.fm,Male,91.252.163.243
207,Sheridan,O'Nowlan,sonowlan5q@i2i.jp,Male,249.0.172.184
208,Bobbie,Frantz,bfrantz5r@harvard.edu,Male,161.97.31.230
209,Fairfax,Wesley,fwesley5s@economist.com,Male,237.193.110.98
210,Sharlene,Kas,skas5t@list-manage.com,Polygender,157.64.242.152
211,Amery,Osmint,aosmint5u@springer.com,Non-binary,156.184.40.189
212,Belia,Josebury,bjosebury5v@wikimedia.org,Female,83.174.200.84
213,Clarine,Zanneli,czanneli5w@theguardian.com,Female,194.1.239.3
214,Happy,Thresher,hthresher5x@oaic.gov.au,Female,50.170.22.28
215,Etan,Goves,egoves5y@123-reg.co.uk,Male,152.90.186.167
216,Ferris,O'Fairy,fofairy5z@reference.com,Genderfluid,95.169.175.54
217,Del,Laugier,dlaugier60@issuu.com,Male,22.111.84.24
218,Evie,Klaffs,eklaffs61@twitter.com,Female,125.121.253.157
219,Cory,Neicho,cneicho62@miibeian.gov.cn,Female,199.4.249.116
220,Nixie,Fetter,nfetter63@quantcast.com,Female,196.142.236.59
221,Kathleen,Willcock,kwillcock64@pbs.org,Female,210.42.254.161
222,Bidget,Bell,bbell65@sogou.com,Female,75.105.3.127
223,Xaviera,Niessen,xniessen66@goodreads.com,Female,240.140.188.88
224,Atlante,Falconer-Taylor,afalconertaylor67@blogger.com,Bigender,21.33.43.44
225,Leeann,Smethurst,lsmethurst68@addtoany.com,Female,21.138.47.104
226,Maris,Totton,mtotton69@loc.gov,Female,194.226.243.92
227,Tommi,Arpur,tarpur6a@noaa.gov,Female,123.41.203.133
228,Sybyl,Standbrooke,sstandbrooke6b@1688.com,Female,63.90.138.122
229,Neda,Milmoe,nmilmoe6c@cmu.edu,Female,142.205.170.163
230,Ingemar,Jennaway,ijennaway6d@yahoo.com,Male,86.179.241.113
231,Junette,O'Luney,joluney6e@loc.gov,Female,119.207.37.87
232,Susanna,Glamart,sglamart6f@usgs.gov,Female,126.11.113.227
233,Carlo,Miranda,cmiranda6g@dell.com,Male,253.87.4.185
234,Alene,Minker,aminker6h@simplemachines.org,Female,14.223.8.210
235,Lionello,Rawlings,lrawlings6i@bandcamp.com,Genderqueer,141.195.8.245
236,Rori,O'Sheils,rosheils6j@digg.com,Female,33.147.188.20
237,Ryann,Sheffield,rsheffield6k@freewebs.com,Female,233.176.5.42
238,Gothart,Tuke,gtuke6l@ihg.com,Male,76.77.167.253
239,Fabien,Binley,fbinley6m@bbc.co.uk,Male,211.219.118.210
240,Tudor,Kmiec,tkmiec6n@indiegogo.com,Genderfluid,141.155.238.24
241,Britney,Welch,bwelch6o@aol.com,Female,185.62.27.37
242,Nance,Hanbury,nhanbury6p@twitpic.com,Non-binary,105.119.222.128
243,Dorine,Donahue,ddonahue6q@goo.gl,Female,180.232.189.91
244,Demetris,Sirmond,dsirmond6r@pbs.org,Female,177.209.63.190
245,Reena,Bothen,rbothen6s@mashable.com,Female,12.253.64.58
246,Julieta,Nealand,jnealand6t@addtoany.com,Female,9.95.153.61
247,Kendre,Steuhlmeyer,ksteuhlmeyer6u@dedecms.com,Female,38.122.144.156
248,Alexandrina,Fennelow,afennelow6v@globo.com,Bigender,99.5.84.47
249,Sela,Kinvig,skinvig6w@1und1.de,Female,224.147.3.22
250,Timothy,Summerfield,tsummerfield6x@csmonitor.com,Male,18.243.138.239
251,Adam,MacDearmaid,amacdearmaid6y@marriott.com,Male,255.82.3.182
252,Pietro,Warlaw,pwarlaw6z@meetup.com,Male,106.0.172.152
253,Mignonne,McIlwrick,mmcilwrick70@usa.gov,Female,238.53.90.20
254,Noreen,Louys,nlouys71@cafepress.com,Female,22.133.152.145
255,Jacynth,Litzmann,jlitzmann72@scribd.com,Female,63.214.175.51
256,Wallace,Poate,wpoate73@addtoany.com,Male,193.3.248.167
257,Derward,Chritchley,dchritchley74@webmd.com,Male,152.148.168.116
258,Dodi,MacPharlain,dmacpharlain75@google.com.hk,Female,90.101.66.58
259,Elvis,Razzell,erazzell76@uiuc.edu,Male,189.0.217.241
260,Dru,Vynoll,dvynoll77@cbc.ca,Male,56.172.61.201
261,Roxanne,Tzar,rtzar78@mit.edu,Female,158.25.166.176
262,Bennett,Chucks,bchucks79@mozilla.org,Male,30.184.36.215
263,Kayle,Darrach,kdarrach7a@freewebs.com,Female,146.92.196.107
264,Rod,Eisikowitch,reisikowitch7b@altervista.org,Male,211.134.62.35
265,Fitz,Demaid,fdemaid7c@over-blog.com,Male,30.56.141.64
266,Astrid,Crielly,acrielly7d@ucsd.edu,Female,27.240.161.135
267,Barret,Bruhnicke,bbruhnicke7e@uol.com.br,Male,40.29.74.253
268,Bondon,Skirrow,bskirrow7f@arstechnica.com,Male,217.106.67.136
269,Chevalier,Crebbin,ccrebbin7g@live.com,Male,120.150.47.148
270,Ricca,Guslon,rguslon7h@goo.gl,Female,206.164.56.4
271,Junina,Roggeman,jroggeman7i@usa.gov,Female,253.0.115.158
272,Jarrett,Beels,jbeels7j@comcast.net,Male,204.33.164.142
273,Gran,Ough,gough7k@alibaba.com,Male,51.70.126.63
274,Martin,Kennealy,mkennealy7l@nasa.gov,Male,62.106.126.97
275,Conchita,Loines,cloines7m@pbs.org,Female,143.135.217.240
276,Renaud,Fansy,rfansy7n@networksolutions.com,Male,111.205.96.133
277,De witt,Bowbrick,dbowbrick7o@jalbum.net,Non-binary,3.70.207.0
278,Christian,Grigorescu,cgrigorescu7p@github.io,Male,156.153.205.173
279,Fleur,Whitby,fwhitby7q@delicious.com,Female,64.50.2.233
280,Kipp,Legrice,klegrice7r@jigsy.com,Male,202.237.179.243
281,Elvira,Jagiello,ejagiello7s@360.cn,Female,231.121.150.160
282,Sheffy,Stobie,sstobie7t@indiegogo.com,Agender,228.10.39.246
283,Bard,Philbrook,bphilbrook7u@stumbleupon.com,Male,180.125.224.184
284,Ilise,O'Carran,iocarran7v@tripod.com,Female,121.85.87.39
285,Sissie,Fransewich,sfransewich7w@plala.or.jp,Female,31.57.177.55
286,Dev,Braxton,dbraxton7x@reddit.com,Male,217.29.87.253
287,Abbie,Driussi,adriussi7y@cargocollective.com,Female,37.179.249.22
288,Edsel,Casey,ecasey7z@netvibes.com,Male,115.197.201.61
289,Taryn,Pinock,tpinock80@nba.com,Female,176.61.110.210
290,Earvin,Rosel,erosel81@ovh.net,Male,206.248.244.101
291,Ephrayim,Welford,ewelford82@senate.gov,Male,124.236.7.105
292,Grazia,Absolom,gabsolom83@unesco.org,Female,195.179.46.119
293,Julianne,Wolvey,jwolvey84@ftc.gov,Female,168.226.104.193
294,Barby,Leahey,bleahey85@wikimedia.org,Female,134.175.89.231
295,Jere,Fairbridge,jfairbridge86@digg.com,Female,152.190.103.193
296,Felicdad,Bonds,fbonds87@hp.com,Female,235.97.76.226
297,Lavena,Rydeard,lrydeard88@pen.io,Female,167.48.106.22
298,Giacomo,Hovard,ghovard89@dedecms.com,Male,74.56.216.234
299,Cornelle,Itzhak,citzhak8a@illinois.edu,Female,182.193.2.225
300,Teddi,Laing,tlaing8b@odnoklassniki.ru,Female,155.159.114.141
301,Merrily,Becket,mbecket8c@nsw.gov.au,Female,227.23.4.12
302,Regine,Lovett,rlovett8d@admin.ch,Female,172.194.56.140
303,Alvinia,Turfs,aturfs8e@edublogs.org,Female,59.151.126.118
304,Brigid,Pendred,bpendred8f@indiatimes.com,Female,216.142.123.221
305,Maurizio,Kiddy,mkiddy8g@youku.com,Male,118.184.23.40
306,Baillie,Rosina,brosina8h@newyorker.com,Male,234.221.10.239
307,Bevan,Pessold,bpessold8i@newsvine.com,Male,145.149.68.191
308,Menard,Symes,msymes8j@globo.com,Male,69.42.221.65
309,Dicky,Adnam,dadnam8k@myspace.com,Bigender,81.40.30.82
310,Philip,Gilhespy,pgilhespy8l@t-online.de,Male,90.65.181.200
311,Braden,Tendahl,btendahl8m@google.com,Male,163.211.241.52
312,Thain,Esler,tesler8n@sogou.com,Male,123.191.6.187
313,Cheston,Staddon,cstaddon8o@google.com,Male,117.168.37.2
314,Ethe,Highnam,ehighnam8p@slideshare.net,Male,46.35.18.159
315,Keane,McIlmorie,kmcilmorie8q@topsy.com,Male,64.215.246.92
316,Chancey,Libbe,clibbe8r@hp.com,Male,26.82.153.214
317,Ody,Greves,ogreves8s@jigsy.com,Male,76.52.90.163
318,Kearney,Clingoe,kclingoe8t@nytimes.com,Male,184.231.87.178
319,Maressa,Crean,mcrean8u@wp.com,Female,204.16.100.39
320,Raquel,Fairey,rfairey8v@mlb.com,Female,139.235.217.250
321,Jared,MacDearmid,jmacdearmid8w@is.gd,Male,26.224.100.9
322,Trumaine,Cettell,tcettell8x@elegantthemes.com,Male,148.96.167.204
323,Dall,Bodocs,dbodocs8y@google.fr,Male,95.132.150.98
324,Sherline,Presdie,spresdie8z@about.me,Female,88.68.172.142
325,Krysta,Waszczykowski,kwaszczykowski90@eepurl.com,Female,161.186.70.4
326,Rafferty,Gommes,rgommes91@cdbaby.com,Genderfluid,139.148.125.84
327,Emylee,O'Cannan,eocannan92@adobe.com,Female,55.175.228.202
328,Caria,Sturm,csturm93@wufoo.com,Female,212.168.143.149
329,Ruben,O Mullen,romullen94@deviantart.com,Male,145.205.173.69
330,Jennee,Troctor,jtroctor95@blogs.com,Female,46.15.82.217
331,Beatrisa,Eastman,beastman96@mtv.com,Female,88.143.211.66
332,Igor,Mebes,imebes97@amazon.com,Male,15.175.204.201
333,Duffy,Hebditch,dhebditch98@weather.com,Male,4.191.22.247
334,Kellby,Nyssens,knyssens99@scientificamerican.com,Male,53.217.85.92
335,Joletta,Forcade,jforcade9a@cdc.gov,Female,23.219.244.46
336,Caralie,Geldard,cgeldard9b@skype.com,Female,18.102.83.84
337,Ricky,Hagwood,rhagwood9c@tripadvisor.com,Male,46.92.33.203
338,Isa,Imort,iimort9d@irs.gov,Female,58.86.192.81
339,Amandie,Salaman,asalaman9e@amazon.co.jp,Female,89.213.39.72
340,Baryram,MacGaughy,bmacgaughy9f@cmu.edu,Male,149.138.146.89
341,Natalina,Antushev,nantushev9g@trellian.com,Agender,108.239.150.110
342,Selle,Hedditch,shedditch9h@dmoz.org,Non-binary,158.55.137.106
343,Leta,Kobel,lkobel9i@sciencedirect.com,Female,88.211.122.234
344,Edna,Curley,ecurley9j@storify.com,Female,121.125.27.112
345,Gratia,Eaden,geaden9k@usnews.com,Female,132.129.63.89
346,Parsifal,McCarl,pmccarl9l@google.com.br,Male,215.195.154.82
347,Ofelia,Crewe,ocrewe9m@devhub.com,Female,222.136.106.235
348,Archy,Chadderton,achadderton9n@mit.edu,Male,66.111.185.13
349,Ellyn,Mougel,emougel9o@example.com,Female,156.78.32.139
350,Tera,Manilow,tmanilow9p@domainmarket.com,Female,80.199.190.30
351,Aindrea,Eggleston,aeggleston9q@ycombinator.com,Female,95.9.199.88
352,Armando,Senechault,asenechault9r@washington.edu,Male,42.2.203.205
353,Nolly,Meardon,nmeardon9s@ca.gov,Male,254.6.193.44
354,Remus,Issard,rissard9t@tmall.com,Male,234.233.113.147
355,Hasheem,Brideoke,hbrideoke9u@slideshare.net,Male,242.80.58.255
356,Gratiana,McCuffie,gmccuffie9v@godaddy.com,Female,247.221.72.21
357,Emmery,Banting,ebanting9w@mozilla.com,Male,174.48.17.74
358,Elwyn,Godbert,egodbert9x@earthlink.net,Male,23.143.83.177
359,Lu,Deniskevich,ldeniskevich9y@shutterfly.com,Female,45.16.203.104
360,Cleo,Ortelt,cortelt9z@goo.gl,Female,207.3.69.137
361,Sancho,Jedryka,sjedrykaa0@myspace.com,Male,173.142.31.80
362,Cinderella,Jacombs,cjacombsa1@lycos.com,Female,221.129.188.1
363,Aggie,Ashbolt,aashbolta2@soundcloud.com,Female,211.239.83.178
364,Carola,Delaprelle,cdelaprellea3@ihg.com,Female,249.244.212.168
365,Sibel,Burberow,sburberowa4@myspace.com,Female,176.200.108.38
366,Barnaby,Trouel,btrouela5@ucoz.com,Male,113.23.54.187
367,Darelle,Whichelow,dwhichelowa6@yelp.com,Female,219.215.246.165
368,Clemens,Brounsell,cbrounsella7@bloglovin.com,Male,138.190.150.100
369,Hadleigh,Pidgley,hpidgleya8@independent.co.uk,Male,77.102.31.2
370,Cora,McKennan,cmckennana9@liveinternet.ru,Female,148.123.211.229
371,Whitney,Waldocke,wwaldockeaa@alibaba.com,Male,166.134.112.154
372,Isabel,Chasson,ichassonab@dropbox.com,Female,2.175.216.206
373,Ian,Clissold,iclissoldac@hexun.com,Male,57.5.177.127
374,Sheelah,Knapman,sknapmanad@go.com,Female,136.248.250.206
375,Addy,Caveill,acaveillae@example.com,Male,208.44.166.209
376,Deina,Smedmore,dsmedmoreaf@cloudflare.com,Agender,93.219.72.246
377,Bobinette,Gethouse,bgethouseag@bbc.co.uk,Female,8.120.196.211
378,Malanie,Codd,mcoddah@addthis.com,Female,185.180.52.218
379,Abigael,Cota,acotaai@yale.edu,Female,182.116.206.3
380,Faulkner,Rosenauer,frosenaueraj@tinypic.com,Male,160.155.129.105
381,Jerome,Dossetter,jdossetterak@whitehouse.gov,Male,75.87.32.1
382,Curr,Denizet,cdenizetal@wordpress.org,Bigender,135.183.107.118
383,Phylys,Hurd,phurdam@arizona.edu,Non-binary,232.93.23.149
384,Tripp,Gieves,tgievesan@bbb.org,Male,203.20.100.137
385,Rayna,Kimmings,rkimmingsao@newyorker.com,Female,60.90.209.218
386,Kalil,Roggero,kroggeroap@rediff.com,Male,160.118.7.251
387,Rutherford,Bach,rbachaq@cnet.com,Male,142.222.211.237
388,Joyan,Gillie,jgilliear@auda.org.au,Female,74.189.18.163
389,Flory,Cawthery,fcawtheryas@ox.ac.uk,Female,140.193.123.121
390,Lonny,Innes,linnesat@flickr.com,Male,160.67.142.22
391,Luke,Orys,lorysau@unblog.fr,Non-binary,11.145.242.140
392,Hunt,Powland,hpowlandav@geocities.jp,Male,201.104.242.35
393,Harcourt,Salvidge,hsalvidgeaw@issuu.com,Male,132.36.201.195
394,Kandy,Klauber,kklauberax@bloomberg.com,Female,171.198.200.36
395,Michel,Mityushkin,mmityushkinay@china.com.cn,Male,189.228.229.82
396,Donny,Taggerty,dtaggertyaz@boston.com,Female,128.102.195.67
397,Grethel,Leahair,gleahairb0@purevolume.com,Polygender,193.228.98.174
398,Sanders,Jura,sjurab1@adobe.com,Male,47.6.185.26
399,Constantine,Castelijn,ccastelijnb2@chicagotribune.com,Female,119.184.236.87
400,Loy,Dermott,ldermottb3@narod.ru,Male,32.32.84.179
401,Janaya,Yukhin,jyukhinb4@blog.com,Female,217.229.34.221
402,Weston,Gritton,wgrittonb5@shareasale.com,Male,182.37.157.10
403,Montague,Bowld,mbowldb6@bloomberg.com,Male,193.29.207.183
404,Annamaria,Juarez,ajuarezb7@shareasale.com,Female,247.228.235.229
405,Rufus,Pinder,rpinderb8@ehow.com,Male,49.221.21.142
406,Fredericka,Sadlier,fsadlierb9@samsung.com,Female,40.126.81.200
407,Isiahi,Dingle,idingleba@kickstarter.com,Male,16.113.248.16
408,Zsa zsa,Dundon,zdundonbb@imdb.com,Female,177.138.187.1
409,Ernie,Aspell,easpellbc@cmu.edu,Male,233.20.6.232
410,Hilarius,Ableson,hablesonbd@domainmarket.com,Male,4.250.110.81
411,Niels,Povall,npovallbe@gnu.org,Male,231.214.201.175
412,Dane,Addicott,daddicottbf@yellowpages.com,Male,143.218.109.189
413,Isak,Boffey,iboffeybg@pagesperso-orange.fr,Male,130.111.9.144
414,Dallas,Mallya,dmallyabh@purevolume.com,Male,21.130.21.61
415,Syd,Stockow,sstockowbi@yellowbook.com,Male,5.204.8.145
416,Rafa,Lodovichi,rlodovichibj@jalbum.net,Female,5.246.27.78
417,Dicky,Dudek,ddudekbk@fda.gov,Male,239.250.52.240
418,Meryl,Heffernon,mheffernonbl@alexa.com,Female,197.213.87.113
419,Muire,Wogan,mwoganbm@disqus.com,Female,198.58.1.102
420,Lyle,Peirce,lpeircebn@google.ca,Male,22.102.128.44
421,Wylie,Tassell,wtassellbo@mac.com,Male,149.60.251.234
422,Kiri,Lots,klotsbp@yandex.ru,Female,118.12.199.45
423,Jack,Marzelli,jmarzellibq@ameblo.jp,Male,165.240.223.4
424,Thibaut,Gutman,tgutmanbr@wired.com,Male,98.66.203.119
425,Jackqueline,Maffucci,jmaffuccibs@purevolume.com,Female,55.219.71.20
426,Toddy,Thoresbie,tthoresbiebt@hhs.gov,Male,239.171.52.50
427,Winny,Gudgion,wgudgionbu@newyorker.com,Bigender,87.24.147.124
428,Maura,Glanton,mglantonbv@gravatar.com,Female,30.238.2.117
429,Alic,Spering,asperingbw@msn.com,Male,237.188.119.161
430,Emili,Zannotti,ezannottibx@hp.com,Female,168.247.91.38
431,Bernarr,Chesterman,bchestermanby@foxnews.com,Male,235.0.157.42
432,Yorgos,McQuorkel,ymcquorkelbz@census.gov,Male,168.80.22.224
433,Noble,Skeath,nskeathc0@xinhuanet.com,Male,166.170.183.13
434,Danyette,Snassell,dsnassellc1@imgur.com,Female,24.188.193.15
435,Grove,Sherrington,gsherringtonc2@indiegogo.com,Male,237.118.48.231
436,Malachi,O'Riordan,moriordanc3@nydailynews.com,Male,248.0.63.143
437,Batholomew,Moyle,bmoylec4@cbslocal.com,Male,248.209.180.112
438,Tiphanie,Durden,tdurdenc5@amazon.de,Female,104.251.20.185
439,Langsdon,MacNeachtain,lmacneachtainc6@infoseek.co.jp,Male,213.130.203.197
440,Leonhard,Giacobo,lgiacoboc7@woothemes.com,Male,160.38.57.73
441,Garey,Leggen,gleggenc8@ibm.com,Male,27.73.192.70
442,Orson,Simco,osimcoc9@webnode.com,Male,150.77.144.102
443,Kimball,Marflitt,kmarflittca@dropbox.com,Male,178.214.221.240
444,Neda,Gaukroger,ngaukrogercb@msu.edu,Female,179.202.32.60
445,Gwenora,Girke,ggirkecc@ebay.co.uk,Agender,46.61.205.216
446,Cristine,MacCorkell,cmaccorkellcd@samsung.com,Female,239.102.80.90
447,Roxanna,Cline,rclinece@telegraph.co.uk,Female,124.73.31.76
448,Fleurette,Karby,fkarbycf@goo.gl,Female,35.3.147.8
449,Laverne,Deniso,ldenisocg@goodreads.com,Female,241.249.113.210
450,Meara,Zorener,mzorenerch@ning.com,Polygender,221.20.225.130
451,Micah,Crighton,mcrightonci@weibo.com,Male,140.111.42.73
452,Nolie,Frentz,nfrentzcj@vk.com,Female,252.239.64.162
453,Stephine,Josse,sjosseck@google.de,Female,218.53.171.181
454,Osborne,Hulstrom,ohulstromcl@virginia.edu,Male,116.213.247.206
455,Wynny,Kyd,wkydcm@nationalgeographic.com,Female,12.230.85.177
456,Bunni,Sherwyn,bsherwyncn@shutterfly.com,Female,178.215.174.213
457,Mikol,Garmons,mgarmonsco@photobucket.com,Male,185.3.174.191
458,Ches,Freebury,cfreeburycp@un.org,Genderqueer,40.16.4.73
459,Leonard,Strapp,lstrappcq@sogou.com,Male,187.239.215.125
460,Rodney,Moulsdale,rmoulsdalecr@dedecms.com,Male,206.215.113.108
461,Becky,Garnson,bgarnsoncs@chicagotribune.com,Polygender,125.24.181.122
462,Nyssa,Taverner,ntavernerct@ifeng.com,Non-binary,197.235.108.201
463,Meriel,Seers,mseerscu@cisco.com,Polygender,54.44.42.148
464,Vanna,Abbott,vabbottcv@ameblo.jp,Female,212.140.147.97
465,Eddie,Ioselev,eioselevcw@reddit.com,Female,118.90.152.25
466,Remus,Riedel,rriedelcx@harvard.edu,Male,45.102.133.4
467,Keefe,Domican,kdomicancy@blog.com,Male,102.17.72.245
468,Lavinie,Kennewell,lkennewellcz@mtv.com,Female,62.164.43.92
469,Nevsa,McGilroy,nmcgilroyd0@mlb.com,Female,178.141.20.152
470,Court,Ramberg,crambergd1@seesaa.net,Male,0.85.178.112
471,Esme,Dencs,edencsd2@squarespace.com,Male,55.190.224.24
472,Benito,Blumire,bblumired3@elpais.com,Male,38.149.35.217
473,Laryssa,Baggs,lbaggsd4@gizmodo.com,Female,59.13.74.38
474,Sophia,Kettleson,skettlesond5@cam.ac.uk,Female,95.19.85.112
475,Gabrila,Gostall,ggostalld6@prweb.com,Female,21.17.51.214
476,Sibylle,Blowfelde,sblowfelded7@sina.com.cn,Female,38.217.242.79
477,Anneliese,Ivel,aiveld8@imdb.com,Female,120.0.198.214
478,Teodoro,Vittore,tvittored9@live.com,Male,233.149.70.161
479,Isadore,Rospars,irosparsda@vistaprint.com,Male,16.140.127.115
480,Daria,Olcot,dolcotdb@vkontakte.ru,Female,30.237.114.92
481,Brandie,Darnell,bdarnelldc@t-online.de,Female,214.4.164.129
482,Rolando,Udey,rudeydd@cocolog-nifty.com,Male,112.1.17.13
483,Stephana,Garber,sgarberde@uol.com.br,Female,101.242.14.207
484,Cherry,Butteris,cbutterisdf@un.org,Bigender,139.166.69.120
485,Cobby,Le Prevost,cleprevostdg@e-recht24.de,Male,220.97.219.242
486,Bud,Allchorne,ballchornedh@salon.com,Male,166.71.202.207
487,Danita,Bailey,dbaileydi@google.es,Female,230.89.160.18
488,Carter,Upson,cupsondj@flavors.me,Male,132.127.46.51
489,Kendricks,Nichols,knicholsdk@umich.edu,Male,192.4.107.175
490,Rosemarie,Moralee,rmoraleedl@dell.com,Female,185.216.214.193
491,Kirsti,Jizhaki,kjizhakidm@jigsy.com,Female,50.79.97.15
492,Coleman,Truter,ctruterdn@squarespace.com,Male,174.38.67.234
493,Emlyn,Nobes,enobesdo@rambler.ru,Male,18.174.230.115
494,Antonino,McInally,amcinallydp@domainmarket.com,Male,23.247.57.95
495,Marika,Kareman,mkaremandq@techcrunch.com,Female,37.204.232.219
496,Diannne,Francesch,dfranceschdr@ca.gov,Female,225.247.52.231
497,Iver,Aggas,iaggasds@ask.com,Male,66.72.52.156
498,Pammy,Morbey,pmorbeydt@toplist.cz,Polygender,18.111.124.94
499,Puff,Battershall,pbattershalldu@1und1.de,Male,137.75.192.228
500,Mike,Van Saltsberg,mvansaltsbergdv@imgur.com,Male,190.151.207.131
501,Mandi,Berni,mbernidw@tinypic.com,Female,185.132.54.171
502,Denny,Costellow,dcostellowdx@si.edu,Male,219.117.192.170
503,Darsey,Grzelak,dgrzelakdy@hostgator.com,Female,152.206.180.131
504,Giorgi,Yannikov,gyannikovdz@nymag.com,Male,163.173.50.239
505,Thorn,Beenham,tbeenhame0@bloglovin.com,Male,144.19.70.56
506,Clea,Blundan,cblundane1@state.gov,Female,207.252.117.192
507,Guglielmo,Mincini,gmincinie2@washington.edu,Bigender,249.238.57.107
508,Meg,Westmore,mwestmoree3@weather.com,Female,194.171.213.248
509,Marco,Gilbertson,mgilbertsone4@irs.gov,Male,110.29.159.193
510,Leonidas,Lafayette,llafayettee5@umich.edu,Male,96.75.122.163
511,Ikey,Sheard,ishearde6@miitbeian.gov.cn,Male,43.162.200.211
512,Gareth,Pinxton,gpinxtone7@instagram.com,Male,102.208.2.195
513,Decca,Dyde,ddydee8@vimeo.com,Male,138.136.3.206
514,Far,Reynault,freynaulte9@youtu.be,Male,139.34.3.7
515,Ara,St Quenin,astqueninea@technorati.com,Female,147.220.175.121
516,Manuel,Biggadike,mbiggadikeeb@de.vu,Male,16.26.190.241
517,Zita,Huthart,zhuthartec@dion.ne.jp,Female,189.219.6.89
518,Charisse,Shropshire,cshropshireed@cocolog-nifty.com,Female,218.227.127.207
519,Charo,Frude,cfrudeee@independent.co.uk,Female,154.146.98.182
520,Rab,Toyer,rtoyeref@ycombinator.com,Male,206.71.101.154
521,Jules,Molyneux,jmolyneuxeg@wisc.edu,Male,5.182.198.81
522,Lucine,Curado,lcuradoeh@icio.us,Female,180.125.255.250
523,Roscoe,Walkden,rwalkdenei@prnewswire.com,Male,114.209.135.158
524,Kitty,Lampens,klampensej@tripadvisor.com,Female,132.44.42.184
525,Clarice,Lamzed,clamzedek@multiply.com,Female,157.142.76.127
526,Reinhold,Delamere,rdelamereel@nps.gov,Male,202.58.123.94
527,Ira,Given,igivenem@opensource.org,Female,95.107.57.183
528,Kat,Inkpen,kinkpenen@mayoclinic.com,Female,145.158.122.156
529,Papageno,Franceschino,pfranceschinoeo@printfriendly.com,Male,92.187.100.201
530,Jessamyn,Johnke,jjohnkeep@over-blog.com,Female,151.164.111.178
531,Muire,Falls,mfallseq@yolasite.com,Female,4.32.225.215
532,Gal,Dami,gdamier@lycos.com,Male,182.15.155.159
533,Natassia,Willmett,nwillmettes@webs.com,Female,169.248.70.61
534,Isabeau,Loody,iloodyet@weebly.com,Bigender,155.32.123.67
535,Abbie,McMichan,amcmichaneu@newyorker.com,Male,145.210.189.196
536,Joanie,Patkin,jpatkinev@naver.com,Female,170.178.42.153
537,Sandy,Truran,struranew@about.me,Female,82.8.245.134
538,Donni,Withnall,dwithnallex@booking.com,Polygender,181.149.93.228
539,Rod,Spensly,rspenslyey@irs.gov,Male,90.32.128.20
540,Francene,Gepheart,fgepheartez@tmall.com,Female,39.127.221.58
541,Eudora,Galbraeth,egalbraethf0@loc.gov,Female,226.104.189.69
542,Lanie,Ofer,loferf1@wikispaces.com,Male,126.95.38.103
543,Elsi,Bowra,ebowraf2@newsvine.com,Female,55.166.159.240
544,Dionne,Larsen,dlarsenf3@fema.gov,Polygender,232.182.27.28
545,Giralda,Chesney,gchesneyf4@timesonline.co.uk,Female,81.99.9.222
546,Yelena,Vyvyan,yvyvyanf5@addtoany.com,Female,17.84.174.45
547,Wileen,Durand,wdurandf6@webeden.co.uk,Polygender,147.214.108.2
548,Mendel,McAlpin,mmcalpinf7@admin.ch,Male,158.189.131.23
549,Bryn,Bortolotti,bbortolottif8@sina.com.cn,Male,119.254.17.166
550,Iseabal,Grace,igracef9@yellowbook.com,Female,112.120.171.136
551,Laraine,Bartomieu,lbartomieufa@tmall.com,Female,234.194.31.200
552,Sharla,Elcock,selcockfb@wsj.com,Female,125.182.91.123
553,Deonne,Swepson,dswepsonfc@chron.com,Female,207.105.240.36
554,Elvin,Philpots,ephilpotsfd@printfriendly.com,Genderfluid,129.74.71.115
555,Melina,Dealey,mdealeyfe@e-recht24.de,Female,25.6.127.40
556,Bride,Arthars,bartharsff@domainmarket.com,Genderfluid,153.54.179.158
557,Sergei,Carbin,scarbinfg@liveinternet.ru,Male,34.137.30.237
558,Donica,Dumbreck,ddumbreckfh@sphinn.com,Female,179.153.100.225
559,Philippine,Sproat,psproatfi@photobucket.com,Female,225.83.72.93
560,Ravid,Doudney,rdoudneyfj@irs.gov,Male,163.71.106.22
561,Haywood,Grinsdale,hgrinsdalefk@storify.com,Male,62.130.160.253
562,Carmelia,Skoyles,cskoylesfl@instagram.com,Female,16.102.37.24
563,Grover,Lodeke,glodekefm@etsy.com,Male,33.145.97.112
564,Jeniffer,Hollyar,jhollyarfn@webmd.com,Female,255.148.156.179
565,Ernaline,Spence,espencefo@state.gov,Female,105.230.2.132
566,Dylan,Siviour,dsiviourfp@sphinn.com,Male,84.58.177.199
567,Lisabeth,Proffitt,lproffittfq@ucoz.com,Female,98.89.135.245
568,Murielle,Schoroder,mschoroderfr@webeden.co.uk,Female,201.88.171.97
569,Eleanore,Banner,ebannerfs@google.com,Female,50.48.212.208
570,Orbadiah,Le Monnier,olemonnierft@geocities.com,Male,72.130.143.172
571,Cassandre,Swiggs,cswiggsfu@printfriendly.com,Female,70.73.114.123
572,Harry,Ivanishev,hivanishevfv@hibu.com,Male,253.77.99.73
573,Dorey,Terbrugge,dterbruggefw@imageshack.us,Agender,132.34.55.252
574,Leonerd,Samarth,lsamarthfx@tripadvisor.com,Genderqueer,103.52.179.115
575,Sandy,Pimmocke,spimmockefy@hostgator.com,Male,186.162.72.233
576,Cherye,Roskilly,croskillyfz@jimdo.com,Female,19.109.11.199
577,Angelle,Abrami,aabramig0@howstuffworks.com,Female,97.249.89.111
578,Court,Petrus,cpetrusg1@devhub.com,Male,16.182.12.77
579,Ciro,Silberschatz,csilberschatzg2@fema.gov,Male,40.21.125.85
580,Ruth,Mereweather,rmereweatherg3@ed.gov,Polygender,236.24.46.171
581,Doreen,Gann,dganng4@vimeo.com,Female,9.114.67.164
582,Bibi,Ezzell,bezzellg5@vistaprint.com,Female,21.222.201.73
583,Colet,Fashion,cfashiong6@reference.com,Male,170.27.224.10
584,Kyla,Wilding,kwildingg7@addtoany.com,Female,253.43.103.237
585,Gae,Duchart,gduchartg8@engadget.com,Female,213.145.48.130
586,Darelle,Littledike,dlittledikeg9@google.pl,Female,241.130.206.119
587,Venita,Rabjohns,vrabjohnsga@salon.com,Genderfluid,238.186.101.240
588,Neville,Egdale,negdalegb@tamu.edu,Genderqueer,98.38.116.119
589,Edy,Maffini,emaffinigc@diigo.com,Polygender,171.166.192.134
590,Joyous,Neal,jnealgd@nih.gov,Female,6.63.39.167
591,Keri,Pigne,kpignege@ehow.com,Female,92.100.219.184
592,Cindra,Birckmann,cbirckmanngf@cornell.edu,Agender,232.91.210.217
593,Ignacio,Melross,imelrossgg@berkeley.edu,Male,77.251.151.142
594,Dorothee,Weitzel,dweitzelgh@tiny.cc,Female,231.151.8.232
595,Seana,Winscum,swinscumgi@economist.com,Genderqueer,54.181.113.244
596,Marci,O Mullen,momullengj@sun.com,Female,63.126.225.60
597,Lynett,Curragh,lcurraghgk@csmonitor.com,Female,35.68.91.217
598,Giacopo,Reese,greesegl@nyu.edu,Male,167.47.223.227
599,Ludovika,Tottle,ltottlegm@cbsnews.com,Female,102.244.149.7
600,Gibby,Gisbey,ggisbeygn@microsoft.com,Male,16.5.249.27
601,Harrison,Applegate,happlegatego@feedburner.com,Male,121.55.135.59
602,Guillemette,Tute,gtutegp@wp.com,Female,216.6.75.108
603,Isahella,Lukesch,ilukeschgq@patch.com,Female,72.27.10.203
604,Riley,Skala,rskalagr@baidu.com,Male,119.73.58.154
605,Ernest,Wheelband,ewheelbandgs@bandcamp.com,Polygender,203.73.122.129
606,Micah,Chilver,mchilvergt@seattletimes.com,Male,243.122.46.46
607,Jacinta,Ledbury,jledburygu@forbes.com,Female,122.183.6.241
608,Fulvia,Hiddsley,fhiddsleygv@tinyurl.com,Female,198.112.180.181
609,Edgard,Shone,eshonegw@histats.com,Male,215.128.172.161
610,Rorie,Lambertson,rlambertsongx@google.co.uk,Female,208.55.84.73
611,Alexander,Sturley,asturleygy@rakuten.co.jp,Male,192.101.169.254
612,Anabal,Brash,abrashgz@surveymonkey.com,Female,20.41.177.32
613,Annette,Yeldham,ayeldhamh0@123-reg.co.uk,Female,169.166.136.246
614,Egbert,Dedon,ededonh1@icq.com,Male,62.220.237.179
615,Antoine,Puttnam,aputtnamh2@tiny.cc,Male,86.42.97.57
616,Nicko,Kennewell,nkennewellh3@springer.com,Male,242.137.206.139
617,Christye,Drugan,cdruganh4@un.org,Female,196.83.193.92
618,Ceil,Donavan,cdonavanh5@va.gov,Female,125.132.74.10
619,Darill,Emmanueli,demmanuelih6@1688.com,Male,229.79.36.223
620,Ula,Lambot,ulamboth7@patch.com,Female,150.28.140.99
621,Linus,Moneypenny,lmoneypennyh8@histats.com,Male,207.203.211.19
622,Brian,Tabord,btabordh9@4shared.com,Male,212.100.178.47
623,Cindra,Gumery,cgumeryha@skype.com,Female,15.171.207.99
624,Diahann,Lambswood,dlambswoodhb@behance.net,Female,132.243.40.210
625,Grove,Colliber,gcolliberhc@unc.edu,Male,60.115.7.157
626,Hamil,Lafoy,hlafoyhd@liveinternet.ru,Male,95.56.42.227
627,Norman,Palphreyman,npalphreymanhe@diigo.com,Male,92.84.240.123
628,Ryun,McDuff,rmcduffhf@dot.gov,Male,251.248.8.201
629,Reilly,Epp,repphg@parallels.com,Agender,220.197.51.151
630,Adrianna,Liebermann,aliebermannhh@yolasite.com,Female,17.140.211.39
631,Judah,Navarijo,jnavarijohi@alibaba.com,Male,13.250.210.246
632,Kellina,Casement,kcasementhj@uol.com.br,Female,110.190.143.36
633,Gwenette,Jandl,gjandlhk@illinois.edu,Female,78.109.25.255
634,Shelley,Regitz,sregitzhl@sfgate.com,Male,3.191.76.180
635,Carmine,Wogden,cwogdenhm@com.com,Female,222.254.97.111
636,Fina,Brigshaw,fbrigshawhn@flavors.me,Female,213.40.55.88
637,Elberta,Noto,enotoho@businessinsider.com,Female,124.155.90.118
638,Farrah,Di Giacomo,fdigiacomohp@senate.gov,Female,254.187.56.108
639,Lu,Giamelli,lgiamellihq@webeden.co.uk,Bigender,59.137.73.33
640,Finlay,Le Bosse,flebossehr@macromedia.com,Male,167.28.143.149
641,Simmonds,Gilardoni,sgilardonihs@oracle.com,Male,240.253.4.229
642,Farrell,Rammell,frammellht@netlog.com,Non-binary,81.42.17.14
643,Lonny,Hansman,lhansmanhu@state.gov,Male,138.249.1.3
644,Trina,Lamont,tlamonthv@umn.edu,Female,95.125.226.101
645,Dory,Flett,dfletthw@simplemachines.org,Male,109.160.198.181
646,Avigdor,Jerrome,ajerromehx@ning.com,Agender,93.162.74.205
647,Cyrus,McGann,cmcgannhy@dedecms.com,Male,244.67.43.242
648,Jenica,Dittson,jdittsonhz@dailymotion.com,Female,27.133.57.88
649,Creight,Traves,ctravesi0@hao123.com,Male,217.151.217.61
650,Maurise,Emerine,memerinei1@yellowpages.com,Polygender,5.184.43.0
651,Cam,Gerram,cgerrami2@slideshare.net,Female,133.253.147.84
652,Giordano,Mannock,gmannocki3@epa.gov,Male,245.175.39.113
653,Jilleen,Heister,jheisteri4@wikispaces.com,Female,79.36.118.245
654,Vincenz,Dawkins,vdawkinsi5@devhub.com,Male,118.81.138.30
655,Brinna,Hambly,bhamblyi6@biblegateway.com,Female,85.234.152.226
656,Sandie,Whitelaw,swhitelawi7@webeden.co.uk,Female,36.166.149.207
657,Ellery,Strotone,estrotonei8@ow.ly,Male,221.33.114.227
658,Lillis,Hardwicke,lhardwickei9@amazon.com,Genderfluid,178.145.68.107
659,Bendicty,Gentzsch,bgentzschia@house.gov,Male,106.168.218.136
660,Manfred,Klimczak,mklimczakib@cornell.edu,Male,192.14.114.96
661,Loydie,Coulthard,lcoulthardic@google.nl,Male,9.90.164.245
662,Terri,O'Leagham,toleaghamid@goodreads.com,Female,101.71.175.209
663,Vite,Linbohm,vlinbohmie@boston.com,Male,103.235.95.227
664,Andi,Murrells,amurrellsif@pagesperso-orange.fr,Female,56.12.239.56
665,Zarah,Brasher,zbrasherig@webeden.co.uk,Female,254.170.47.13
666,Norma,Fennick,nfennickih@stumbleupon.com,Female,234.235.169.110
667,Camellia,MacKim,cmackimii@npr.org,Female,119.23.238.238
668,Brigid,Ornillos,bornillosij@addtoany.com,Female,248.49.15.27
669,Doti,Thams,dthamsik@cbc.ca,Genderqueer,111.78.31.220
670,Giffard,Sipson,gsipsonil@51.la,Male,114.255.201.78
671,Krista,Boutellier,kboutellierim@typepad.com,Female,98.223.234.101
672,Sabrina,Blazey,sblazeyin@shareasale.com,Female,138.12.111.124
673,Lancelot,Alpine,lalpineio@paginegialle.it,Male,192.127.251.5
674,Dolores,Parradye,dparradyeip@networkadvertising.org,Female,104.158.140.117
675,Robert,Domenichelli,rdomenichelliiq@home.pl,Male,135.188.0.209
676,Sari,Matteucci,smatteucciir@chicagotribune.com,Female,6.172.28.96
677,Darla,Osant,dosantis@is.gd,Female,19.60.233.226
678,Julieta,Rameau,jrameauit@yandex.ru,Female,118.182.97.172
679,Blisse,Shergill,bshergilliu@cdc.gov,Female,171.137.144.159
680,Florencia,Stockin,fstockiniv@bbc.co.uk,Polygender,215.16.230.19
681,Elaina,Futter,efutteriw@intel.com,Agender,73.84.237.189
682,Rozalin,Tomes,rtomesix@constantcontact.com,Female,227.56.84.220
683,Ian,Lowey,iloweyiy@mozilla.com,Male,215.97.243.59
684,Hunfredo,Galer,hgaleriz@angelfire.com,Male,148.197.230.91
685,Rosco,Daily,rdailyj0@loc.gov,Male,34.250.242.223
686,Shea,Greenhall,sgreenhallj1@geocities.com,Male,161.216.60.9
687,Gunilla,Whinney,gwhinneyj2@google.com,Female,55.98.212.220
688,Hamlin,Syce,hsycej3@alexa.com,Male,57.172.82.48
689,Heinrick,Maharry,hmaharryj4@gravatar.com,Male,80.113.54.213
690,Faustina,Lockhurst,flockhurstj5@gizmodo.com,Female,52.97.85.117
691,Clayson,Tidswell,ctidswellj6@wunderground.com,Male,162.220.51.219
692,Anatol,Ryburn,aryburnj7@discovery.com,Male,224.140.90.183
693,Odele,Bartalot,obartalotj8@163.com,Female,133.54.93.214
694,Hewett,Sturgis,hsturgisj9@nba.com,Male,8.197.190.113
695,Gage,Bagworth,gbagworthja@cisco.com,Male,123.77.190.194
696,Clayborne,Findon,cfindonjb@fotki.com,Male,208.254.238.4
697,Tallia,Gleder,tglederjc@youku.com,Female,156.239.67.199
698,Zachariah,Bulbrook,zbulbrookjd@wired.com,Male,172.84.189.108
699,Fletch,Foote,ffooteje@cocolog-nifty.com,Male,110.202.104.53
700,Wernher,Peirazzi,wpeirazzijf@ucla.edu,Male,190.74.160.123
701,Cross,Yakovitch,cyakovitchjg@freewebs.com,Male,118.116.92.19
702,Libby,Siddon,lsiddonjh@harvard.edu,Female,85.186.218.215
703,Silvain,Tonbridge,stonbridgeji@histats.com,Male,184.171.7.183
704,Peyter,St. Aubyn,pstaubynjj@t.co,Male,133.28.81.126
705,Jeremie,Coslitt,jcoslittjk@ft.com,Male,15.226.149.229
706,Leland,Georgeou,lgeorgeoujl@walmart.com,Polygender,171.85.227.135
707,Beverlie,Seeviour,bseeviourjm@cocolog-nifty.com,Female,150.4.228.168
708,Therese,Grzeszczak,tgrzeszczakjn@indiegogo.com,Female,27.100.107.196
709,Marten,Egan,meganjo@washingtonpost.com,Male,75.134.153.253
710,Bartlet,Conboy,bconboyjp@businessweek.com,Male,16.159.226.25
711,Bradan,Drohan,bdrohanjq@washingtonpost.com,Male,76.242.30.101
712,Luciana,Cosstick,lcosstickjr@disqus.com,Female,147.122.185.212
713,Hercules,Weathers,hweathersjs@clickbank.net,Male,63.117.135.249
714,Bat,Beggio,bbeggiojt@facebook.com,Male,221.199.152.241
715,Wilburt,Santorini,wsantoriniju@admin.ch,Agender,145.147.9.87
716,Lanni,Halpen,lhalpenjv@sitemeter.com,Female,38.90.184.112
717,Wallace,Peirce,wpeircejw@patch.com,Male,145.109.170.18
718,Windy,Gligoraci,wgligoracijx@pagesperso-orange.fr,Female,192.9.116.98
719,Lemmie,Whittles,lwhittlesjy@scribd.com,Male,69.81.124.178
720,Ilario,Krol,ikroljz@google.com,Male,78.84.126.239
721,Allianora,Bertolin,abertolink0@opera.com,Female,17.151.181.182
722,Teador,Abbie,tabbiek1@foxnews.com,Agender,221.95.79.58
723,Beau,Surgison,bsurgisonk2@sphinn.com,Male,39.6.148.246
724,Hillary,McIlwaine,hmcilwainek3@hud.gov,Female,102.91.233.218
725,Scotti,Tunnock,stunnockk4@example.com,Male,160.255.27.211
726,Giles,Just,gjustk5@newsvine.com,Male,190.164.209.169
727,Gui,O'Callaghan,gocallaghank6@nhs.uk,Female,50.181.146.181
728,Dorthy,Rathbourne,drathbournek7@zimbio.com,Female,35.14.163.73
729,Charline,Seeney,cseeneyk8@oracle.com,Female,140.167.253.119
730,Hyatt,Heasman,hheasmank9@nasa.gov,Male,66.203.139.13
731,Louis,Ishaki,lishakika@mapy.cz,Bigender,39.253.204.181
732,Araldo,Bohan,abohankb@dropbox.com,Male,78.234.37.103
733,Alasdair,Pagon,apagonkc@posterous.com,Genderfluid,28.205.190.193
734,Sandor,Erington,seringtonkd@ebay.com,Male,174.121.44.46
735,Ethelin,Urry,eurryke@list-manage.com,Female,122.74.162.179
736,Geri,Reading,greadingkf@arstechnica.com,Male,65.142.120.6
737,Rhys,Braferton,rbrafertonkg@wikia.com,Male,86.36.155.71
738,North,Wincer,nwincerkh@google.com.br,Male,247.73.212.160
739,Constancia,Skouling,cskoulingki@eventbrite.com,Female,84.248.140.53
740,Kristien,Lucock,klucockkj@statcounter.com,Female,167.31.63.192
741,Brannon,Narraway,bnarrawaykk@tumblr.com,Male,28.143.166.125
742,Donnajean,Rylands,drylandskl@epa.gov,Female,190.234.126.153
743,Bruis,Mattusevich,bmattusevichkm@toplist.cz,Male,235.166.141.235
744,Alvira,Greeveson,agreevesonkn@mit.edu,Female,100.251.47.111
745,Sonya,Barnewelle,sbarnewelleko@wufoo.com,Female,115.253.98.204
746,Dougy,Di Meo,ddimeokp@eventbrite.com,Male,11.150.17.24
747,Christoph,Simonnet,csimonnetkq@friendfeed.com,Male,210.147.218.0
748,Stanford,Di Baudi,sdibaudikr@google.es,Male,36.234.71.67
749,Galven,Bassilashvili,gbassilashviliks@phoca.cz,Male,184.91.239.74
750,Teador,Charke,tcharkekt@technorati.com,Male,168.96.227.12
751,Sean,Giraldon,sgiraldonku@last.fm,Male,90.201.179.251
752,Astrix,Gellan,agellankv@opensource.org,Female,126.134.69.99
753,Bobbette,Syrad,bsyradkw@microsoft.com,Female,173.1.34.85
754,Jason,Rhymer,jrhymerkx@dell.com,Male,89.181.221.75
755,Karylin,Mapples,kmapplesky@prnewswire.com,Female,217.250.151.46
756,Marjy,Gant,mgantkz@bravesites.com,Female,114.56.97.18
757,Hope,Titmarsh,htitmarshl0@unicef.org,Female,166.60.192.254
758,Ruperta,Quinn,rquinnl1@skyrock.com,Female,24.226.211.159
759,Jase,Delagua,jdelagual2@twitter.com,Male,18.34.126.219
760,Nicolette,Nannizzi,nnannizzil3@ucsd.edu,Female,250.139.224.117
761,La verne,Iscowitz,liscowitzl4@netlog.com,Female,204.132.239.112
762,Isis,MacLaughlin,imaclaughlinl5@mayoclinic.com,Female,100.156.146.151
763,Manolo,Guppey,mguppeyl6@census.gov,Male,2.138.118.216
764,Alic,Bettridge,abettridgel7@people.com.cn,Male,165.32.0.145
765,Barrie,McKie,bmckiel8@netscape.com,Female,81.46.117.189
766,Catharina,Muccino,cmuccinol9@addtoany.com,Female,146.121.15.187
767,Worden,Andreou,wandreoula@cbsnews.com,Male,203.194.166.47
768,Dallas,Setch,dsetchlb@jigsy.com,Female,217.69.3.9
769,Dunc,Antham,danthamlc@hud.gov,Male,75.205.180.36
770,Denis,Blackborn,dblackbornld@cdbaby.com,Male,235.46.71.104
771,Marco,McKillop,mmckillople@ihg.com,Male,230.49.81.41
772,Lynelle,Rankling,lranklinglf@github.com,Female,42.201.43.94
773,Windham,Ryman,wrymanlg@exblog.jp,Agender,61.28.42.100
774,Hakim,Devaney,hdevaneylh@hubpages.com,Male,87.172.143.107
775,Harrie,Wellan,hwellanli@youku.com,Female,167.143.102.81
776,Silva,Gullis,sgullislj@indiegogo.com,Female,116.119.114.250
777,Josefina,Mallett,jmallettlk@mayoclinic.com,Female,234.172.150.20
778,Carey,Bache,cbachell@wikispaces.com,Female,122.71.94.18
779,Mord,Gilks,mgilkslm@sogou.com,Male,49.171.70.192
780,Kristoforo,Reye,kreyeln@surveymonkey.com,Male,249.242.204.153
781,Giustino,Dutton,gduttonlo@si.edu,Male,193.23.88.144
782,Kaspar,Shurman,kshurmanlp@jigsy.com,Male,227.137.36.185
783,Kellia,Earsman,kearsmanlq@surveymonkey.com,Female,220.84.25.43
784,Manfred,Jerromes,mjerromeslr@washington.edu,Bigender,30.13.169.245
785,Mel,Oslar,moslarls@wordpress.org,Male,176.245.124.101
786,Bettye,Theyer,btheyerlt@spiegel.de,Female,86.156.38.220
787,Tami,Aguirrezabal,taguirrezaballu@weibo.com,Female,224.20.130.12
788,Dexter,Longstreet,dlongstreetlv@php.net,Male,121.27.138.228
789,Jerrie,Buessen,jbuessenlw@flickr.com,Male,148.182.215.76
790,Ansel,Douris,adourislx@cbc.ca,Male,25.8.31.245
791,Say,Steiner,ssteinerly@posterous.com,Male,123.180.35.146
792,Ewen,Kinsey,ekinseylz@mayoclinic.com,Male,125.41.250.91
793,Bobbee,Millins,bmillinsm0@biglobe.ne.jp,Female,165.208.128.198
794,Chandra,Hucker,chuckerm1@ucla.edu,Female,130.158.65.224
795,Francisco,Jumel,fjumelm2@netvibes.com,Male,102.168.115.179
796,Jaye,Roofe,jroofem3@utexas.edu,Male,28.216.172.81
797,Candy,Velasquez,cvelasquezm4@slashdot.org,Female,197.229.126.151
798,Katharina,Harflete,kharfletem5@newsvine.com,Female,124.136.141.24
799,Dex,Lindeboom,dlindeboomm6@hexun.com,Male,161.228.81.252
800,Karin,Busby,kbusbym7@netlog.com,Female,235.17.34.157
801,Janifer,Dillintone,jdillintonem8@cbc.ca,Female,0.125.48.87
802,Colin,Brakespear,cbrakespearm9@ed.gov,Male,53.34.168.47
803,Homerus,Shears,hshearsma@whitehouse.gov,Male,37.218.57.114
804,Jacquie,Antonoyev,jantonoyevmb@google.de,Female,178.63.56.86
805,Hillier,Statton,hstattonmc@elegantthemes.com,Male,11.158.212.44
806,Evvie,Cready,ecreadymd@techcrunch.com,Female,178.254.250.116
807,Wendi,Comport,wcomportme@nifty.com,Female,193.144.17.229
808,Fae,Gotch,fgotchmf@meetup.com,Female,25.115.114.123
809,Warde,Spurier,wspuriermg@usgs.gov,Genderqueer,64.41.206.215
810,Aubine,Casacchia,acasacchiamh@51.la,Agender,83.233.158.207
811,Kippie,McGloughlin,kmcgloughlinmi@cnn.com,Female,241.189.99.90
812,Aymer,Coats,acoatsmj@newyorker.com,Male,180.13.32.142
813,Henrie,McCartney,hmccartneymk@huffingtonpost.com,Female,71.115.213.115
814,Birgit,Du Hamel,bduhamelml@csmonitor.com,Female,221.139.11.251
815,Sollie,Cameli,scamelimm@barnesandnoble.com,Male,230.158.84.116
816,Brinn,Sherborn,bsherbornmn@wisc.edu,Female,95.252.231.203
817,Dare,Shutte,dshuttemo@yahoo.co.jp,Male,118.245.130.198
818,Julissa,Irce,jircemp@nationalgeographic.com,Female,183.253.125.163
819,Henrieta,Rosiello,hrosiellomq@over-blog.com,Female,163.233.122.82
820,Wald,Olyff,wolyffmr@redcross.org,Male,67.252.239.225
821,Steve,McCahey,smccaheyms@indiatimes.com,Male,229.176.174.132
822,Sayer,Catlow,scatlowmt@icq.com,Male,18.80.157.109
823,Devlin,Walstow,dwalstowmu@histats.com,Male,163.4.76.40
824,Dyann,Hammarberg,dhammarbergmv@printfriendly.com,Female,73.56.255.77
825,Siouxie,Pauwel,spauwelmw@simplemachines.org,Female,107.239.220.120
826,Faith,Willoway,fwillowaymx@washington.edu,Female,152.81.181.24
827,Carolus,Andrys,candrysmy@alibaba.com,Male,0.48.26.53
828,Baily,Tremmil,btremmilmz@mtv.com,Male,233.126.130.179
829,Lora,Grigson,lgrigsonn0@booking.com,Female,50.220.184.24
830,Marta,Lowndsborough,mlowndsboroughn1@github.com,Genderfluid,255.186.174.100
831,Opal,Pidwell,opidwelln2@intel.com,Polygender,137.198.189.52
832,Consuela,Igonet,cigonetn3@dropbox.com,Female,71.195.133.176
833,Aurie,Tumbridge,atumbridgen4@weebly.com,Female,227.96.102.30
834,Ingrim,Battleson,ibattlesonn5@people.com.cn,Male,85.255.23.73
835,Virgie,Keyme,vkeymen6@ezinearticles.com,Female,182.96.208.120
836,Evyn,Heugel,eheugeln7@about.me,Male,197.99.219.82
837,Baxie,Dellow,bdellown8@devhub.com,Male,241.167.227.64
838,Marylinda,MacAvddy,mmacavddyn9@youtu.be,Female,178.201.226.2
839,Charyl,Puvia,cpuviana@homestead.com,Female,236.9.22.8
840,Lindie,Farquar,lfarquarnb@psu.edu,Female,224.216.49.223
841,Freddy,Castagna,fcastagnanc@vistaprint.com,Male,95.141.39.193
842,Melita,Garces,mgarcesnd@drupal.org,Female,98.32.138.23
843,Berty,Anderer,bandererne@studiopress.com,Genderfluid,85.113.177.238
844,Susanetta,Salvador,ssalvadornf@salon.com,Female,29.60.249.129
845,Raimondo,Broodes,rbroodesng@google.pl,Male,113.146.135.230
846,Vittoria,Awton,vawtonnh@nhs.uk,Female,52.221.228.175
847,Lexis,Crocetto,lcrocettoni@weebly.com,Genderfluid,21.33.4.39
848,Anet,Downing,adowningnj@skype.com,Female,53.88.120.117
849,Den,Tarbox,dtarboxnk@php.net,Male,136.15.128.74
850,Athene,Fredson,afredsonnl@people.com.cn,Female,5.169.63.95
851,Leelah,Geeve,lgeevenm@canalblog.com,Female,51.115.223.35
852,Maureene,Arlow,marlownn@issuu.com,Female,201.62.140.182
853,Karney,Rubinsztein,krubinszteinno@sphinn.com,Male,200.77.229.170
854,Guthry,Lowdeane,glowdeanenp@cbslocal.com,Male,70.147.196.80
855,Sheelah,Spick,sspicknq@blinklist.com,Female,203.91.179.13
856,Imogen,Wemyss,iwemyssnr@gmpg.org,Female,243.27.75.16
857,Waring,Bartens,wbartensns@thetimes.co.uk,Male,50.81.233.59
858,Margie,Scala,mscalant@behance.net,Female,189.244.124.56
859,Rebecca,Brugemann,rbrugemannnu@ihg.com,Female,239.171.147.145
860,Dall,Lammiman,dlammimannv@1und1.de,Male,90.65.214.167
861,Brietta,Milkins,bmilkinsnw@mozilla.org,Female,245.124.157.11
862,Bill,Haborn,bhabornnx@addtoany.com,Female,124.201.101.133
863,Joelle,Methingam,jmethingamny@eventbrite.com,Female,130.144.212.6
864,Padgett,Furze,pfurzenz@w3.org,Male,122.184.101.133
865,Norean,Comazzo,ncomazzoo0@biblegateway.com,Female,69.250.61.217
866,Jae,Quarrington,jquarringtono1@fotki.com,Male,104.49.192.253
867,Albina,Petters,apetterso2@samsung.com,Female,98.199.136.169
868,Ravid,Pillifant,rpillifanto3@php.net,Male,190.17.116.152
869,Sheila,Bracken,sbrackeno4@surveymonkey.com,Female,63.30.170.120
870,Dru,McLafferty,dmclaffertyo5@state.gov,Male,117.174.22.6
871,Gael,Frostdyke,gfrostdykeo6@purevolume.com,Male,41.228.132.213
872,Rey,Yosevitz,ryosevitzo7@youtu.be,Male,20.6.239.44
873,Cordy,Ritson,critsono8@unicef.org,Male,247.123.58.174
874,Kile,Glaserman,kglasermano9@hhs.gov,Male,169.144.161.252
875,Vonni,Petrasch,vpetraschoa@ft.com,Female,58.245.211.176
876,Cynde,Father,cfatherob@timesonline.co.uk,Non-binary,143.123.1.21
877,Stormi,Snodden,ssnoddenoc@wikimedia.org,Female,170.175.9.27
878,Auberta,Dobey,adobeyod@nba.com,Female,163.26.190.104
879,Leanna,Pestridge,lpestridgeoe@cam.ac.uk,Female,147.138.214.120
880,Melly,Andriessen,mandriessenof@chicagotribune.com,Female,70.239.53.232
881,Vilma,Owthwaite,vowthwaiteog@miibeian.gov.cn,Female,159.15.20.175
882,Kylynn,Tolomelli,ktolomellioh@craigslist.org,Female,20.145.206.254
883,Fredric,Wilden,fwildenoi@amazonaws.com,Male,251.255.6.55
884,Nanon,Adds,naddsoj@biglobe.ne.jp,Female,5.135.181.161
885,Sabrina,Iacobini,siacobiniok@youku.com,Female,74.0.10.56
886,Sinclair,Dawkins,sdawkinsol@google.ru,Male,170.30.9.228
887,Lizzy,Weddeburn - Scrimgeour,lweddeburnscrimgeourom@qq.com,Female,177.104.26.67
888,Shelli,Du Hamel,sduhamelon@devhub.com,Female,240.46.30.70
889,Jaquenette,Parkes,jparkesoo@imdb.com,Female,93.68.114.76
890,Angelica,Roberson,arobersonop@chron.com,Female,111.12.180.209
891,Kathlin,Grummitt,kgrummittoq@g.co,Female,242.30.72.153
892,Annmaria,Roos,aroosor@yale.edu,Female,46.109.143.155
893,Burgess,Lambird,blambirdos@sciencedaily.com,Male,57.181.224.138
894,Johnette,Dransfield,jdransfieldot@seesaa.net,Female,153.251.63.21
895,Lorine,Gouny,lgounyou@dagondesign.com,Female,177.141.44.4
896,Annmaria,Rickardes,arickardesov@nasa.gov,Female,121.5.213.184
897,Sophronia,Dobbin,sdobbinow@yellowpages.com,Female,107.127.68.130
898,Muffin,Tedahl,mtedahlox@wikia.com,Male,15.85.156.5
899,Egor,Duplock,eduplockoy@earthlink.net,Male,16.27.126.152
900,Ilyssa,Gravie,igravieoz@chicagotribune.com,Female,95.68.207.91
901,Mac,Goady,mgoadyp0@rediff.com,Male,17.68.145.123
902,Lynnelle,Grundle,lgrundlep1@rediff.com,Female,194.121.28.204
903,Jolie,Zannuto,jzannutop2@aboutads.info,Female,194.144.214.111
904,Goldi,Rodolphe,grodolphep3@uol.com.br,Female,54.133.154.119
905,Kerk,Spottiswoode,kspottiswoodep4@hao123.com,Male,196.202.34.160
906,Janean,Fell,jfellp5@photobucket.com,Female,246.238.136.88
907,Ross,Norville,rnorvillep6@examiner.com,Male,152.75.219.227
908,Juan,Merrien,jmerrienp7@yelp.com,Male,56.235.230.32
909,Alfie,Wellstood,awellstoodp8@behance.net,Female,48.248.75.80
910,Nanette,Radborn,nradbornp9@census.gov,Female,167.51.215.251
911,Jessika,Causer,jcauserpa@wix.com,Female,51.161.61.47
912,Clifford,Wolfe,cwolfepb@multiply.com,Male,48.64.164.38
913,Juliana,Kenion,jkenionpc@fc2.com,Female,38.149.124.107
914,Lorne,Stathers,lstatherspd@japanpost.jp,Male,116.40.10.234
915,Adiana,Veregan,avereganpe@biglobe.ne.jp,Female,165.244.46.240
916,Atlanta,Gwyer,agwyerpf@shutterfly.com,Female,143.138.76.156
917,Simon,Pashba,spashbapg@nytimes.com,Male,231.57.148.210
918,Harmon,Janus,hjanusph@cnet.com,Male,118.35.62.243
919,Gilberte,D'Avaux,gdavauxpi@tmall.com,Female,239.217.139.162
920,Faith,Wilman,fwilmanpj@studiopress.com,Female,28.179.145.103
921,Eleanore,Dainter,edainterpk@wiley.com,Female,52.67.182.238
922,Guntar,Colbridge,gcolbridgepl@creativecommons.org,Male,26.227.14.167
923,Clarita,Ceeley,cceeleypm@altervista.org,Female,99.195.170.145
924,Giovanna,Witcombe,gwitcombepn@cnet.com,Female,39.5.150.184
925,Issiah,Conibere,iconiberepo@google.de,Male,194.92.180.99
926,Vassily,Senogles,vsenoglespp@shutterfly.com,Male,22.148.150.83
927,Coralyn,Milesop,cmilesoppq@ovh.net,Female,225.88.14.209
928,Sandor,O'Reilly,soreillypr@fema.gov,Male,98.35.128.246
929,Benjamin,Creggan,bcregganps@newsvine.com,Male,14.84.51.152
930,Gherardo,Renshaw,grenshawpt@google.com.br,Male,70.77.35.99
931,Harley,Splain,hsplainpu@scribd.com,Male,6.136.73.253
932,Kurt,Phuprate,kphupratepv@mit.edu,Male,209.173.222.210
933,Jennette,Greaser,jgreaserpw@yolasite.com,Female,243.241.246.207
934,Gilberta,Kristoffersson,gkristofferssonpx@google.com.au,Female,179.240.129.91
935,Winna,Weatherby,wweatherbypy@skype.com,Female,16.37.207.16
936,Bertha,Mowson,bmowsonpz@wufoo.com,Female,192.251.142.24
937,Quincy,Aloshkin,qaloshkinq0@blog.com,Male,2.250.5.42
938,Bee,Woolvin,bwoolvinq1@yahoo.com,Female,180.29.11.45
939,Fianna,Dreus,fdreusq2@domainmarket.com,Female,82.131.229.114
940,Kipp,Meddows,kmeddowsq3@hud.gov,Female,135.100.33.191
941,Minni,Awde,mawdeq4@tinyurl.com,Female,123.225.61.147
942,Siward,Botting,sbottingq5@mozilla.org,Male,204.184.195.94
943,Bryna,Bonniface,bbonnifaceq6@mysql.com,Female,180.122.122.25
944,Baldwin,Train,btrainq7@dot.gov,Male,157.52.176.5
945,Freddi,Smaleman,fsmalemanq8@timesonline.co.uk,Female,13.47.51.138
946,Hodge,Bessant,hbessantq9@wiley.com,Genderqueer,21.26.251.9
947,Ralf,Squirrell,rsquirrellqa@baidu.com,Male,141.150.189.178
948,Bell,Trail,btrailqb@ox.ac.uk,Genderqueer,126.6.214.241
949,Nani,Hehl,nhehlqc@google.com.hk,Female,159.59.192.30
950,Pammie,Jeske,pjeskeqd@dell.com,Female,183.218.247.118
951,Elvis,Gibben,egibbenqe@gmpg.org,Male,17.255.27.242
952,Rancell,Chantler,rchantlerqf@mapy.cz,Male,11.87.103.90
953,Link,Dawltrey,ldawltreyqg@gravatar.com,Male,132.4.230.72
954,Renie,Gertray,rgertrayqh@google.com.hk,Female,162.142.107.149
955,Orran,Almon,oalmonqi@hhs.gov,Male,123.123.1.96
956,Frank,Pietrowski,fpietrowskiqj@omniture.com,Genderfluid,99.162.31.34
957,Tybie,Hartfleet,thartfleetqk@simplemachines.org,Female,179.218.157.191
958,Andre,Pepperd,apepperdql@sciencedirect.com,Male,64.163.220.136
959,Inglis,Friary,ifriaryqm@behance.net,Polygender,72.69.142.55
960,Hali,Dollar,hdollarqn@com.com,Female,147.174.15.134
961,Patrick,Brocks,pbrocksqo@myspace.com,Male,218.16.80.37
962,Cissiee,Cargill,ccargillqp@amazon.com,Female,253.247.73.93
963,Bart,Samber,bsamberqq@wired.com,Male,209.110.219.239
964,Karrah,Powter,kpowterqr@timesonline.co.uk,Female,142.171.85.248
965,Gael,Cullimore,gcullimoreqs@symantec.com,Male,99.42.152.243
966,Bessie,Eates,beatesqt@over-blog.com,Female,250.169.197.227
967,Bryn,Vittery,bvitteryqu@soundcloud.com,Male,77.127.124.114
968,Eveline,Sandham,esandhamqv@weebly.com,Female,173.197.61.73
969,Cilka,Itzcovichch,citzcovichchqw@nyu.edu,Female,182.156.96.85
970,Kaiser,Eilert,keilertqx@about.com,Male,237.229.19.228
971,Lee,Kellen,lkellenqy@ocn.ne.jp,Male,112.90.60.44
972,Mabel,Ineson,minesonqz@biglobe.ne.jp,Female,34.221.46.104
973,Barbee,Dominka,bdominkar0@nps.gov,Female,16.202.112.211
974,Ida,Comer,icomerr1@slashdot.org,Female,17.113.184.186
975,Luther,Glennard,lglennardr2@webnode.com,Male,153.155.230.224
976,Aluin,Port,aportr3@loc.gov,Male,135.59.208.36
977,Tori,Cavanagh,tcavanaghr4@ning.com,Female,72.52.249.57
978,Kara,Hankin,khankinr5@geocities.jp,Female,226.40.254.41
979,Dougy,Ricson,dricsonr6@cornell.edu,Male,11.162.177.67
980,Idelle,Van Leijs,ivanleijsr7@dion.ne.jp,Female,49.144.104.229
981,Maggi,Kinnock,mkinnockr8@cbsnews.com,Female,45.167.188.148
982,Samuel,Wichard,swichardr9@spotify.com,Male,194.210.166.213
983,Jamal,Bilt,jbiltra@vk.com,Male,85.179.190.4
984,Kylen,Lenglet,klengletrb@howstuffworks.com,Female,53.167.160.97
985,Rainer,Dearan,rdearanrc@artisteer.com,Male,187.117.238.200
986,Donaugh,Gifford,dgiffordrd@cdbaby.com,Male,239.31.215.87
987,Ralf,Brislen,rbrislenre@g.co,Male,251.80.89.164
988,Ivor,Realph,irealphrf@privacy.gov.au,Male,217.24.79.15
989,Leslie,Cheesworth,lcheesworthrg@freewebs.com,Male,129.254.104.75
990,Winfred,Erie,werierh@miitbeian.gov.cn,Male,97.121.59.255
991,Shaun,Rainard,srainardri@wufoo.com,Agender,18.8.131.94
992,Myrilla,Slatcher,mslatcherrj@springer.com,Female,80.158.230.51
993,Monty,Eichmann,meichmannrk@twitpic.com,Male,40.131.133.226
994,Tillie,Densell,tdensellrl@marketwatch.com,Female,3.71.10.219
995,Flss,Moryson,fmorysonrm@hexun.com,Female,11.25.253.223
996,Halsey,Edlington,hedlingtonrn@cloudflare.com,Male,207.71.166.196
997,Meris,Glen,mglenro@wp.com,Female,122.114.141.62
998,Shepperd,Oriel,sorielrp@independent.co.uk,Male,241.133.9.139
999,Ahmed,Bucknall,abucknallrq@ucsd.edu,Male,37.35.210.125
1000,Berenice,Stichall,bstichallrr@nyu.edu,Female,181.63.188.138
