id,first_name,last_name,email,gender,ip_address
2001,Gypsy,Botton,gbotton0@prnewswire.com,Polygender,14.62.194.63
2001,Davida,Speeks,dspeeks1@mayoclinic.com,Genderqueer,94.201.84.22
2001,Hermine,Somerbell,hsomerbell2@domainmarket.com,Female,227.106.27.222
2001,Gerri,Dreng,gdreng3@tmall.com,Male,101.219.115.68
2001,Constantino,Moulds,cmoulds4@tamu.edu,Male,47.209.71.96
2001,Reece,Scott,rscott5@dmoz.org,Male,113.138.21.16
2001,Lonee,Murricanes,lmurricanes6@sina.com.cn,Female,226.207.8.244
2001,Seline,Bottomore,sbottomore7@weebly.com,Polygender,162.11.228.160
2001,Wendeline,Mingard,wmingard8@sbwire.com,Female,44.207.16.108
2001,Barrie,Mowen,bmowen9@cdc.gov,Genderfluid,14.166.87.255
2001,Hewet,Bontein,hbonteina@wordpress.com,Male,255.202.125.216
2001,Pia,Janny,pjannyb@sakura.ne.jp,Female,84.134.235.161
2001,Erica,Kennea,ekenneac@studiopress.com,Female,165.84.158.144
2001,Sunny,Brouwer,sbrouwerd@ca.gov,Female,49.204.15.170
2001,Minerva,Jeger,mjegere@dion.ne.jp,Female,212.183.77.62
2001,Marcy,Colclough,mcolcloughf@gravatar.com,Bigender,175.223.158.249
2001,Ernst,Lethibridge,elethibridgeg@purevolume.com,Male,15.204.248.141
2001,Ryun,Flury,rfluryh@upenn.edu,Male,136.23.243.235
2001,Scotti,Arnoult,sarnoulti@about.me,Male,239.28.120.191
2001,Gil,Pechard,gpechardj@google.com.au,Male,210.227.146.55
2001,Jolyn,Tythacott,jtythacottk@umich.edu,Female,133.157.219.53
2001,Malinda,Oglethorpe,moglethorpel@foxnews.com,Female,167.69.92.233
2001,Neel,Kaubisch,nkaubischm@kickstarter.com,Male,21.141.141.134
2001,Trina,Sadat,tsadatn@usa.gov,Female,133.9.21.252
2001,Roger,Hurdis,rhurdiso@time.com,Male,93.166.160.209
2001,Marsh,Serrurier,mserrurierp@arizona.edu,Male,220.54.35.17
2001,Alano,Pibworth,apibworthq@mac.com,Male,246.248.66.97
2001,Byron,Noury,bnouryr@cbslocal.com,Male,73.202.7.204
2001,Kearney,Cutchee,kcutchees@1688.com,Male,51.79.255.91
2001,Rebekah,Billing,rbillingt@hud.gov,Female,173.135.18.59
2001,Chan,Langland,clanglandu@jiathis.com,Genderqueer,138.80.220.87
2001,Krystle,Persehouse,kpersehousev@cdc.gov,Female,220.242.246.197
2001,Man,Halward,mhalwardw@japanpost.jp,Male,136.217.210.215
2001,Joye,Queree,jquereex@1und1.de,Female,130.27.60.177
2001,Raoul,Rosenfield,rrosenfieldy@mayoclinic.com,Male,106.27.168.182
2001,Fernande,Ouldcott,fouldcottz@youtube.com,Female,4.184.87.95
2001,Malvin,Signe,msigne10@mashable.com,Male,245.154.2.115
2001,Hillier,De la Barre,hdelabarre11@last.fm,Male,159.177.22.134
2001,Israel,Augustus,iaugustus12@friendfeed.com,Male,172.68.80.3
2001,Harper,Giral,hgiral13@liveinternet.ru,Male,58.78.36.72
2001,Lonnie,Ondra,londra14@sourceforge.net,Male,158.255.71.31
2001,Ashlin,Veness,aveness15@dedecms.com,Male,110.50.27.14
2001,Ransom,Rentz,rrentz16@google.com.au,Male,104.20.81.237
2001,Greggory,Brient,gbrient17@epa.gov,Male,29.219.235.41
2001,Berkie,Mertel,bmertel18@prweb.com,Male,240.248.229.55
2001,Alison,Coppock.,acoppock19@slashdot.org,Female,223.17.97.88
2001,Nanette,Stretton,nstretton1a@ovh.net,Female,128.228.50.241
2001,Cleopatra,Beekman,cbeekman1b@pcworld.com,Female,163.87.77.136
2001,Hurley,Arenson,harenson1c@rambler.ru,Male,76.156.18.49
2001,Elnore,Margarson,emargarson1d@utexas.edu,Female,188.176.212.114
2001,Foss,Ludlom,fludlom1e@flickr.com,Male,97.96.7.163
2001,Rawley,Naton,rnaton1f@blogtalkradio.com,Male,6.66.192.192
2001,Amalea,McGuigan,amcguigan1g@usnews.com,Female,97.187.116.0
2001,Brandy,Bainbridge,bbainbridge1h@epa.gov,Male,254.24.18.29
2001,Gwyn,Cicchitello,gcicchitello1i@hud.gov,Female,62.167.235.58
2001,Nichol,Yansons,nyansons1j@php.net,Female,77.33.85.228
2001,Jamaal,McGourty,jmcgourty1k@tiny.cc,Male,250.144.231.56
2001,Lucas,Drust,ldrust1l@reference.com,Male,114.235.215.72
2001,Ysabel,Lightoller,ylightoller1m@google.nl,Female,31.7.78.109
2001,Hakim,Fluger,hfluger1n@tripadvisor.com,Male,64.14.136.179
2001,Euphemia,Boulde,eboulde1o@statcounter.com,Female,141.240.102.113
2001,Fonsie,Lovekin,flovekin1p@answers.com,Male,66.208.116.232
2001,Julie,Matteacci,jmatteacci1q@nyu.edu,Male,48.30.194.83
2001,Boycie,Bartzen,bbartzen1r@so-net.ne.jp,Male,163.184.20.231
2001,Noelani,Readshall,nreadshall1s@oakley.com,Female,14.179.66.68
2001,Crosby,Aleksashin,caleksashin1t@unblog.fr,Male,104.10.184.164
2001,Ashleigh,Nisen,anisen1u@xinhuanet.com,Non-binary,103.133.65.121
2001,Wilbert,Rodrigues,wrodrigues1v@themeforest.net,Male,233.160.193.102
2001,Silvanus,Nagle,snagle1w@senate.gov,Male,4.31.131.10
2001,Kerr,Linzee,klinzee1x@wikia.com,Male,78.199.43.29
2001,Esra,Chesher,echesher1y@nhs.uk,Male,49.104.169.113
2001,Alexis,Beauchop,abeauchop1z@hhs.gov,Male,56.194.67.169
2001,Rozella,Skitral,rskitral20@tamu.edu,Female,212.205.249.148
2001,Chlo,Froome,cfroome21@cdc.gov,Female,124.128.217.76
2001,Sonnie,Harbor,sharbor22@ibm.com,Female,106.78.218.18
2001,Engelbert,Benzie,ebenzie23@storify.com,Male,107.87.115.0
2001,Vin,Jerger,vjerger24@cmu.edu,Male,127.201.233.88
2001,Yasmin,Smullin,ysmullin25@dailymail.co.uk,Female,57.6.192.104
2001,Spence,Brister,sbrister26@buzzfeed.com,Non-binary,88.174.231.121
2001,Tatiania,Belmont,tbelmont27@google.com,Female,123.92.156.26
2001,Mella,Fields,mfields28@yellowpages.com,Female,98.51.58.47
2001,Bill,Lidgard,blidgard29@economist.com,Female,152.4.82.22
2001,Rosemarie,Cline,rcline2a@photobucket.com,Polygender,114.229.139.17
2001,Sydney,Ceaser,sceaser2b@issuu.com,Male,95.57.34.153
2001,Si,McIlwrath,smcilwrath2c@wsj.com,Male,201.131.163.24
2001,Boniface,Cambden,bcambden2d@sogou.com,Male,197.57.176.186
2001,Carree,Udale,cudale2e@storify.com,Agender,130.207.191.123
2001,Loise,Suggett,lsuggett2f@dot.gov,Female,14.19.29.165
2001,Alie,Terrington,aterrington2g@jigsy.com,Female,87.30.165.246
2001,Emily,Knuckles,eknuckles2h@netlog.com,Female,111.83.248.165
2001,Addie,Yitzovitz,ayitzovitz2i@omniture.com,Female,211.96.181.31
2001,Codi,Huzzey,chuzzey2j@theguardian.com,Male,100.97.23.150
2001,Dominic,Mollnar,dmollnar2k@deliciousdays.com,Male,182.150.113.191
2001,Kirsti,Gladden,kgladden2l@w3.org,Female,34.237.105.72
2001,Duky,Chartres,dchartres2m@google.ca,Male,225.126.244.246
2001,Jandy,Daveran,jdaveran2n@ning.com,Female,205.170.220.237
2001,Sallyanne,Staggs,sstaggs2o@time.com,Female,185.240.105.186
2001,Emmey,Lamden,elamden2p@google.pl,Female,200.59.155.97
2001,Trude,Normanton,tnormanton2q@wisc.edu,Female,38.148.45.64
2001,Pamela,Woodthorpe,pwoodthorpe2r@delicious.com,Female,139.109.81.74
2001,Alister,Rief,arief2s@csmonitor.com,Genderqueer,182.192.160.189
2001,Adda,Gavaghan,agavaghan2t@sfgate.com,Female,48.236.73.50
2001,Arabelle,Climar,aclimar2u@who.int,Female,106.159.130.185
2001,Wanids,Moxley,wmoxley2v@samsung.com,Female,31.98.253.48
2001,Sid,Sabbin,ssabbin2w@bluehost.com,Genderfluid,222.64.189.228
2001,Skipton,Marrington,smarrington2x@reference.com,Male,137.186.171.155
2001,Dyan,Bome,dbome2y@blogtalkradio.com,Female,19.26.194.44
2001,Dame,Ferrari,dferrari2z@canalblog.com,Male,177.167.221.126
2001,Theresa,Bruni,tbruni30@nifty.com,Female,142.82.90.31
2001,Padraic,Minocchi,pminocchi31@homestead.com,Male,188.230.247.141
2001,Gerhard,Corwood,gcorwood32@oracle.com,Male,2.131.44.150
2001,Kiel,Garron,kgarron33@fc2.com,Male,231.6.144.90
2001,Keri,Suddards,ksuddards34@wikia.com,Female,200.221.13.11
2001,Symon,Chrystie,schrystie35@nytimes.com,Male,215.175.126.216
2001,Jana,MacNair,jmacnair36@soundcloud.com,Female,5.53.160.143
2001,Joaquin,Shurmer,jshurmer37@xing.com,Male,17.183.42.172
2001,Arabel,Durtnell,adurtnell38@irs.gov,Female,180.64.136.53
2001,Henrik,Dioniso,hdioniso39@bandcamp.com,Male,232.183.238.231
2001,Galen,Undrill,gundrill3a@hao123.com,Male,191.239.57.107
2001,Lexi,Zorzoni,lzorzoni3b@jigsy.com,Non-binary,20.114.107.174
2001,Bernette,Eborn,beborn3c@disqus.com,Female,183.186.40.203
2001,Oswell,Swaton,oswaton3d@shop-pro.jp,Male,96.30.182.110
2001,Tull,Aucock,taucock3e@irs.gov,Male,191.134.98.82
2001,Jule,Hollingsbee,jhollingsbee3f@cbc.ca,Male,61.129.54.151
2001,Jemima,Swancott,jswancott3g@slashdot.org,Female,150.246.64.83
2001,Heidi,Thairs,hthairs3h@chron.com,Female,144.153.251.26
2001,Emmalynne,Favelle,efavelle3i@slashdot.org,Female,157.58.54.191
2001,Dorette,Ings,dings3j@adobe.com,Female,211.154.71.65
2001,Gallard,Pollendine,gpollendine3k@dagondesign.com,Male,144.138.44.224
2001,Hailey,Hedde,hhedde3l@mtv.com,Male,236.64.70.50
2001,Chaddie,Rigbye,crigbye3m@sphinn.com,Male,75.66.212.211
2001,Gerianne,Burborough,gburborough3n@wix.com,Agender,92.197.238.60
2001,Maximilian,Pitcher,mpitcher3o@umich.edu,Male,29.188.242.161
2001,Joete,Ferrari,jferrari3p@reference.com,Female,123.91.223.228
2001,Karilynn,Jaszczak,kjaszczak3q@de.vu,Non-binary,231.99.127.72
2001,Giles,Nagle,gnagle3r@infoseek.co.jp,Male,126.136.39.173
2001,Clarence,Gounet,cgounet3s@reverbnation.com,Male,129.160.149.117
2001,Michail,Berceros,mberceros3t@google.com.hk,Male,80.176.160.73
2001,Harmonia,Kitley,hkitley3u@de.vu,Female,187.115.253.220
2001,Jenelle,Gabe,jgabe3v@miibeian.gov.cn,Female,173.207.17.145
2001,Gunilla,Swayne,gswayne3w@boston.com,Female,63.185.6.200
2001,Neron,Plowman,nplowman3x@scientificamerican.com,Male,128.250.195.37
2001,Janet,Ker,jker3y@nymag.com,Female,5.169.8.100
2001,Briney,Jenk,bjenk3z@ebay.co.uk,Female,50.14.101.108
2001,Grover,McFadzean,gmcfadzean40@hexun.com,Male,168.165.207.179
2001,Lil,Forte,lforte41@furl.net,Female,138.49.76.69
2001,Georgianne,Dechelle,gdechelle42@springer.com,Female,155.253.4.221
2001,Byron,Fermin,bfermin43@bravesites.com,Male,213.32.158.220
2001,Minni,Tammadge,mtammadge44@dot.gov,Bigender,235.218.254.57
2001,Hanna,Summerbell,hsummerbell45@weebly.com,Female,171.123.32.129
2001,Janis,Toten,jtoten46@globo.com,Female,65.152.200.82
2001,Frazer,Beswetherick,fbeswetherick47@japanpost.jp,Male,91.193.8.122
2001,Glynn,Lamers,glamers48@cargocollective.com,Male,137.178.200.188
2001,Brande,Duffyn,bduffyn49@hp.com,Female,187.75.143.22
2001,Forester,McLanachan,fmclanachan4a@cocolog-nifty.com,Male,215.112.255.45
2001,Eb,Bartosik,ebartosik4b@typepad.com,Male,221.112.153.231
2001,Russell,Yitzhak,ryitzhak4c@techcrunch.com,Male,130.150.173.136
2001,Michel,Daldan,mdaldan4d@washington.edu,Male,154.163.33.126
2001,Hynda,Kelsow,hkelsow4e@zdnet.com,Genderfluid,87.223.95.35
2001,Dorie,Attwool,dattwool4f@berkeley.edu,Female,132.186.192.40
2001,Delmor,Donisthorpe,ddonisthorpe4g@netscape.com,Genderqueer,114.157.232.148
2001,Heinrick,Mitchelhill,hmitchelhill4h@hibu.com,Male,38.252.74.119
2001,Daisie,Ivanovic,divanovic4i@goo.gl,Female,206.168.233.200
2001,Annabel,Dell 'Orto,adellorto4j@geocities.jp,Female,171.64.77.27
2001,Noby,Derx,nderx4k@dropbox.com,Male,204.33.44.183
2001,Yul,Blencoe,yblencoe4l@utexas.edu,Male,140.154.252.39
2001,Earl,Hearley,ehearley4m@edublogs.org,Male,189.224.179.133
2001,Adela,Shelbourne,ashelbourne4n@walmart.com,Female,42.194.191.57
2001,Marco,Whitmell,mwhitmell4o@dion.ne.jp,Male,198.120.173.75
2001,Andy,Halso,ahalso4p@amazon.de,Female,35.189.128.21
2001,Olivier,Paula,opaula4q@homestead.com,Male,15.37.208.121
2001,Carmelle,Baudoux,cbaudoux4r@boston.com,Female,227.96.34.222
2001,Jobi,Shoebottom,jshoebottom4s@answers.com,Female,207.72.142.210
2001,Murdock,Sandyfirth,msandyfirth4t@marketwatch.com,Male,250.199.39.129
2001,Vasili,Tooting,vtooting4u@bandcamp.com,Male,31.7.69.190
2001,Rozalin,McIlwrath,rmcilwrath4v@twitpic.com,Female,24.209.179.253
2001,Kylynn,Benbough,kbenbough4w@macromedia.com,Female,118.19.67.46
2001,Penny,Shervil,pshervil4x@intel.com,Male,117.165.116.181
2001,Efren,Gronauer,egronauer4y@wisc.edu,Male,196.201.238.104
2001,Cedric,Cranidge,ccranidge4z@nydailynews.com,Male,94.57.171.124
2001,Cello,Pountney,cpountney50@php.net,Male,20.255.158.246
2001,Cullen,Yarranton,cyarranton51@economist.com,Male,40.70.132.154
2001,Andee,Redpath,aredpath52@usnews.com,Female,156.210.123.1
2001,Adair,Leblanc,aleblanc53@house.gov,Male,19.155.99.212
2001,Fonzie,Perillo,fperillo54@unicef.org,Male,18.229.143.65
2001,Moore,Gier,mgier55@epa.gov,Male,39.93.213.92
2001,Charmain,McCurlye,cmccurlye56@google.de,Female,230.48.120.46
2001,Cori,Akeherst,cakeherst57@hibu.com,Female,26.59.119.107
2001,Cammy,Cremins,ccremins58@state.gov,Male,84.250.99.170
2001,Tymothy,Hugill,thugill59@ox.ac.uk,Genderqueer,104.119.159.44
2001,Pooh,Hewes,phewes5a@umn.edu,Female,253.22.165.177
2001,Maisie,Showt,mshowt5b@google.pl,Female,235.76.248.36
2001,Chery,Petrolli,cpetrolli5c@cnet.com,Female,75.39.30.219
2001,Cesar,Cyson,ccyson5d@yolasite.com,Male,23.6.86.192
2001,Jeanne,Lownie,jlownie5e@stanford.edu,Female,38.243.225.97
2001,Carie,Frankel,cfrankel5f@zdnet.com,Female,63.169.233.2
2001,Cinda,Sutworth,csutworth5g@phoca.cz,Bigender,247.165.185.53
2001,Mill,Gemlett,mgemlett5h@technorati.com,Male,153.68.167.164
2001,Caralie,Bingell,cbingell5i@cpanel.net,Female,183.142.217.197
2001,Darcie,Ockland,dockland5j@indiatimes.com,Female,224.173.79.140
2001,Morgen,Poytheras,mpoytheras5k@ucoz.com,Male,183.66.37.6
2001,Banky,Simecek,bsimecek5l@meetup.com,Male,29.108.74.242
2001,Jandy,Brackstone,jbrackstone5m@about.com,Female,30.121.225.231
2001,Micaela,Clemence,mclemence5n@cnet.com,Female,138.27.69.162
2001,Jenine,Opdenort,jopdenort5o@php.net,Female,173.106.253.57
2001,Markos,Carey,mcarey5p@ning.com,Male,65.9.44.50
2001,Gwendolin,Brandone,gbrandone5q@qq.com,Female,5.119.16.252
2001,Jasun,Ionnisian,jionnisian5r@vk.com,Genderqueer,188.115.38.132
2001,Lanie,Oldred,loldred5s@addtoany.com,Female,64.120.38.146
2001,Portia,Kingsnode,pkingsnode5t@sciencedaily.com,Female,75.36.141.214
2001,Larina,Dronsfield,ldronsfield5u@berkeley.edu,Female,231.34.86.65
2001,Bradley,Klimentyev,bklimentyev5v@baidu.com,Male,206.92.142.108
2001,Arlette,Swindell,aswindell5w@businesswire.com,Female,205.69.161.71
2001,Zacharie,Moreby,zmoreby5x@google.co.jp,Genderqueer,6.255.127.31
2001,Gus,Benini,gbenini5y@slideshare.net,Female,251.199.167.169
2001,Siusan,Acres,sacres5z@woothemes.com,Female,134.131.140.188
2001,Pierson,Inman,pinman60@nps.gov,Male,154.243.86.99
2001,Hunt,Orto,horto61@plala.or.jp,Male,21.125.196.125
2001,Ashlin,Brett,abrett62@ocn.ne.jp,Male,88.76.218.246
2001,Lisetta,Winchcomb,lwinchcomb63@webnode.com,Female,147.43.200.220
2001,Genia,Scottesmoor,gscottesmoor64@webs.com,Female,233.163.243.222
2001,Mallory,Pringle,mpringle65@china.com.cn,Female,241.95.172.168
2001,Adriane,Becom,abecom66@diigo.com,Female,192.58.175.195
2001,Demetra,Agott,dagott67@wisc.edu,Female,234.143.201.151
2001,Valentine,Cuningham,vcuningham68@cyberchimps.com,Female,194.163.97.166
2001,Kati,MacCarter,kmaccarter69@imageshack.us,Female,5.244.216.23
2001,Bogart,Playle,bplayle6a@spotify.com,Male,48.143.186.251
2001,Rowe,Yukhov,ryukhov6b@virginia.edu,Female,204.179.247.75
2001,Mercy,Alphege,malphege6c@ucla.edu,Female,85.241.32.86
2001,Web,Merrigans,wmerrigans6d@imageshack.us,Male,22.145.149.159
2001,Aurelia,Rivelon,arivelon6e@google.ca,Non-binary,5.189.249.31
2001,Marj,Stickney,mstickney6f@sciencedaily.com,Female,205.106.201.130
2001,Addie,Stutte,astutte6g@reuters.com,Female,42.176.15.29
2001,Kerwinn,Kirsopp,kkirsopp6h@yellowbook.com,Male,1.219.141.224
2001,Kassie,Bwy,kbwy6i@dell.com,Female,192.106.149.238
2001,Reamonn,Maplestone,rmaplestone6j@google.fr,Male,83.64.61.255
2001,Val,O'Duane,voduane6k@washingtonpost.com,Female,189.57.71.120
2001,Noe,Sample,nsample6l@sbwire.com,Male,106.68.205.44
2001,Ethelind,Garth,egarth6m@constantcontact.com,Female,218.98.48.244
2001,Nico,Krysztofiak,nkrysztofiak6n@studiopress.com,Male,96.252.140.132
2001,Patty,Venney,pvenney6o@t-online.de,Female,252.229.115.127
2001,Hermon,Emanuele,hemanuele6p@multiply.com,Male,157.116.94.136
2001,Gae,Muzzall,gmuzzall6q@edublogs.org,Polygender,212.171.99.65
2001,Kiley,Gale,kgale6r@trellian.com,Male,97.19.153.133
2001,Ezra,Reynard,ereynard6s@de.vu,Male,160.180.241.11
2001,Corrie,Cluer,ccluer6t@discovery.com,Male,120.41.119.142
2001,Alexio,Barkley,abarkley6u@simplemachines.org,Male,202.40.177.227
2001,Yvette,Whorlton,ywhorlton6v@4shared.com,Female,6.38.103.117
2001,Susy,Dunkerly,sdunkerly6w@privacy.gov.au,Female,202.89.187.35
2001,Clare,Fordyce,cfordyce6x@nydailynews.com,Polygender,99.103.78.160
2001,Chrissie,Mussett,cmussett6y@mapquest.com,Female,114.237.238.180
2001,Brennan,Abelov,babelov6z@goo.gl,Male,255.166.87.164
2001,Celinda,Grummitt,cgrummitt70@comcast.net,Female,111.54.250.41
2001,Bartie,Kembry,bkembry71@blogger.com,Male,199.68.253.213
2001,Graeme,Grimoldby,ggrimoldby72@prweb.com,Male,52.135.80.45
2001,Fallon,Guiot,fguiot73@tuttocitta.it,Female,235.228.134.219
2001,Edmon,Winsley,ewinsley74@google.co.jp,Male,231.121.237.16
2001,Orsola,Schooling,oschooling75@i2i.jp,Female,161.238.17.129
2001,Jillie,Nunn,jnunn76@patch.com,Female,139.185.174.84
2001,Herb,Pottiphar,hpottiphar77@1und1.de,Male,117.7.93.69
2001,Barrie,Pomphrett,bpomphrett78@technorati.com,Male,214.17.245.161
2001,Sylvester,Challiner,schalliner79@unblog.fr,Male,84.74.178.143
2001,Felice,Tiuit,ftiuit7a@google.co.uk,Female,119.10.227.87
2001,Lydie,Flook,lflook7b@istockphoto.com,Female,12.199.215.101
2001,Mort,Shyram,mshyram7c@scientificamerican.com,Male,240.96.60.203
2001,Juanita,Blackadder,jblackadder7d@mac.com,Female,103.244.80.219
2001,Boot,Cardero,bcardero7e@auda.org.au,Male,35.231.27.187
2001,Leticia,MacAiline,lmacailine7f@alibaba.com,Female,31.141.106.69
2001,Alyssa,Mathiassen,amathiassen7g@over-blog.com,Female,56.152.203.148
2001,Aurilia,Raun,araun7h@usgs.gov,Female,13.228.102.66
2001,Pall,Dewhirst,pdewhirst7i@paypal.com,Male,235.40.56.217
2001,Katharyn,Markussen,kmarkussen7j@goo.gl,Female,94.122.166.209
2001,Ingaborg,Ryott,iryott7k@blogtalkradio.com,Female,147.36.213.102
2001,Roze,Abrahmer,rabrahmer7l@ucoz.ru,Female,174.38.130.87
2001,Gweneth,McMylor,gmcmylor7m@house.gov,Female,95.126.128.243
2001,Terza,Josskovitz,tjosskovitz7n@engadget.com,Polygender,139.10.70.117
2001,Ilene,Armor,iarmor7o@163.com,Bigender,33.235.54.62
2001,Ethelind,Fortman,efortman7p@ask.com,Female,231.96.254.40
2001,Reagen,Signoret,rsignoret7q@tumblr.com,Male,228.13.3.145
2001,Charo,Cullen,ccullen7r@microsoft.com,Agender,64.202.245.143
2001,Lorrin,Trank,ltrank7s@google.nl,Female,18.40.196.184
2001,Cybil,Beadnall,cbeadnall7t@engadget.com,Female,192.207.45.85
2001,Court,McCarver,cmccarver7u@plala.or.jp,Male,209.185.167.126
2001,Daisie,Baldcock,dbaldcock7v@furl.net,Female,199.110.5.200
2001,Rosy,Hall-Gough,rhallgough7w@vkontakte.ru,Female,43.220.244.233
2001,Constantino,McReidy,cmcreidy7x@1688.com,Male,3.31.183.223
2001,Allan,Fetteplace,afetteplace7y@cafepress.com,Male,191.1.35.107
2001,Stanley,Gask,sgask7z@oaic.gov.au,Male,144.218.215.33
2001,Fran,Kane,fkane80@vistaprint.com,Female,172.65.55.144
2001,Marie-ann,Hartwright,mhartwright81@senate.gov,Female,132.255.227.139
2001,Wini,Sapsford,wsapsford82@latimes.com,Female,51.143.135.125
2001,Mikaela,Veazey,mveazey83@meetup.com,Female,58.157.45.237
2001,Murdoch,Dummigan,mdummigan84@weibo.com,Male,83.67.13.112
2001,Ninnette,Nolot,nnolot85@a8.net,Female,0.104.22.28
2001,Herbie,Syncke,hsyncke86@mozilla.org,Male,247.245.180.185
2001,Gerta,Fluck,gfluck87@virginia.edu,Female,105.31.32.17
2001,Virge,Byres,vbyres88@unesco.org,Male,235.40.37.54
2001,Adham,Domniney,adomniney89@dropbox.com,Male,11.245.154.195
2001,Keslie,Valder,kvalder8a@51.la,Female,245.237.246.64
2001,Angelita,Vakhonin,avakhonin8b@so-net.ne.jp,Female,141.119.117.219
2001,Ibbie,Scourgie,iscourgie8c@moonfruit.com,Polygender,250.190.198.67
2001,Reade,Becker,rbecker8d@tiny.cc,Male,192.151.242.63
2001,Beulah,Bernasek,bbernasek8e@cyberchimps.com,Female,89.70.39.233
2001,Horst,McNuff,hmcnuff8f@baidu.com,Male,158.157.25.252
2001,Lorri,Junes,ljunes8g@theatlantic.com,Female,119.81.106.20
2001,Marya,Stuttman,mstuttman8h@arstechnica.com,Female,206.207.19.211
2001,Saleem,McNickle,smcnickle8i@tripadvisor.com,Male,242.220.150.225
2001,Tad,Gibbieson,tgibbieson8j@comcast.net,Male,73.171.145.113
2001,Mamie,Wyer,mwyer8k@ustream.tv,Female,37.93.33.219
2001,Purcell,Paradin,pparadin8l@netscape.com,Genderfluid,83.99.125.141
2001,Winonah,Knock,wknock8m@archive.org,Female,190.103.150.55
2001,Basia,Titlow,btitlow8n@goo.gl,Agender,142.122.52.56
2001,Rolph,Willarton,rwillarton8o@icio.us,Male,134.228.38.188
2001,Nefen,Wegner,nwegner8p@sohu.com,Male,187.97.143.127
2001,Rowan,Lindenman,rlindenman8q@delicious.com,Male,17.227.185.80
2001,Rhonda,Haseley,rhaseley8r@statcounter.com,Female,57.7.88.154
2001,Kile,Peskin,kpeskin8s@e-recht24.de,Non-binary,103.39.36.97
2001,Goldina,Alderson,galderson8t@mapquest.com,Female,35.167.71.247
2001,Rudiger,Diem,rdiem8u@msu.edu,Male,90.171.187.28
2001,Marice,Dory,mdory8v@independent.co.uk,Female,92.112.33.252
2001,Glad,Broadberry,gbroadberry8w@stanford.edu,Female,82.119.207.221
2001,Bidget,Lebel,blebel8x@china.com.cn,Female,124.145.96.174
2001,Phoebe,Senecaux,psenecaux8y@bing.com,Female,182.133.93.46
2001,Quintus,Monnoyer,qmonnoyer8z@amazonaws.com,Male,250.182.158.137
2001,Witty,Mordy,wmordy90@phoca.cz,Bigender,229.37.222.43
2001,Mira,Moutray Read,mmoutrayread91@t-online.de,Female,2.105.177.0
2001,Rosemaria,Shiels,rshiels92@jalbum.net,Female,157.43.110.80
2001,Joane,Bucknall,jbucknall93@wikia.com,Female,119.243.101.41
2001,Hewe,Josilevich,hjosilevich94@omniture.com,Male,21.36.186.238
2001,Meagan,Hughes,mhughes95@youtube.com,Female,96.32.114.4
2001,Daryle,Eyre,deyre96@hhs.gov,Genderfluid,29.34.120.246
2001,Berenice,Eleshenar,beleshenar97@sbwire.com,Female,166.226.64.191
2001,Sax,Ianetti,sianetti98@indiatimes.com,Male,216.126.92.64
2001,Lorianne,Baiden,lbaiden99@scribd.com,Female,58.147.254.179
2001,Gwyneth,Zamudio,gzamudio9a@nbcnews.com,Female,116.27.203.85
2001,Lorenzo,Abramino,labramino9b@example.com,Male,240.144.84.189
2001,Marigold,Oliffe,moliffe9c@twitpic.com,Female,206.154.53.200
2001,Vance,Winspurr,vwinspurr9d@comcast.net,Male,188.152.13.122
2001,Mathias,Eul,meul9e@yahoo.co.jp,Male,153.120.146.132
2001,Gabby,Kale,gkale9f@epa.gov,Male,18.248.39.142
2001,Donnie,Wilkison,dwilkison9g@multiply.com,Male,232.148.54.76
2001,Burty,Alexandrescu,balexandrescu9h@nbcnews.com,Male,123.226.154.63
2001,Anne-corinne,Micheau,amicheau9i@cbc.ca,Female,39.39.177.249
2001,Shanta,Denkel,sdenkel9j@abc.net.au,Female,4.101.156.13
2001,Emmett,Pedican,epedican9k@slate.com,Male,154.54.79.153
2001,Brod,Pelz,bpelz9l@craigslist.org,Male,173.47.206.223
2001,Symon,Sagg,ssagg9m@accuweather.com,Male,167.107.245.153
2001,Andee,Andrichak,aandrichak9n@wix.com,Female,191.56.191.247
2001,Alvan,Spurway,aspurway9o@tinyurl.com,Male,224.96.118.48
2001,Brandy,Bachmann,bbachmann9p@elpais.com,Polygender,31.120.144.208
2001,Marianne,Weare,mweare9q@istockphoto.com,Female,0.69.197.217
2001,Jacinthe,Filipov,jfilipov9r@weibo.com,Female,27.119.120.161
2001,Ferdy,Bragg,fbragg9s@cloudflare.com,Male,102.101.198.143
2001,Farley,Charker,fcharker9t@ed.gov,Male,141.19.146.169
2001,Rhiamon,Francesch,rfrancesch9u@oakley.com,Polygender,161.51.241.9
2001,Felice,Sangra,fsangra9v@arizona.edu,Female,160.174.67.185
2001,Hussein,Farrant,hfarrant9w@nps.gov,Male,188.151.96.124
2001,Junette,MacGillreich,jmacgillreich9x@icq.com,Female,34.15.209.22
2001,Mariellen,Sainte Paul,msaintepaul9y@oakley.com,Female,168.225.157.4
2001,Ruprecht,Bignold,rbignold9z@vkontakte.ru,Male,201.47.142.131
2001,Obediah,Redmain,oredmaina0@earthlink.net,Male,8.18.164.160
2001,Clifford,Southerell,csoutherella1@pagesperso-orange.fr,Male,109.204.162.175
2001,Jerrome,Wandrich,jwandricha2@ifeng.com,Male,113.101.84.74
2001,Evin,Guesford,eguesforda3@yolasite.com,Male,254.182.53.100
2001,Kellen,Ivermee,kivermeea4@bravesites.com,Male,33.195.31.39
2001,Kennan,Standrin,kstandrina5@ucla.edu,Male,230.173.82.19
2001,Boonie,Prattington,bprattingtona6@time.com,Male,207.40.111.246
2001,Nanny,Meco,nmecoa7@zimbio.com,Female,120.97.171.161
2001,Franzen,O' Dooley,fodooleya8@unicef.org,Male,237.0.16.238
2001,Sim,Prendergrast,sprendergrasta9@github.com,Male,118.8.198.144
2001,Camilla,Beckitt,cbeckittaa@yahoo.co.jp,Female,24.206.133.160
2001,Tony,Hulme,thulmeab@cam.ac.uk,Polygender,224.205.89.5
2001,Adore,Backshell,abackshellac@phpbb.com,Female,20.14.92.170
2001,Neda,Petkens,npetkensad@naver.com,Female,88.161.178.251
2001,Roanna,Hanburry,rhanburryae@wikimedia.org,Female,91.167.66.203
2001,Packston,Gaine,pgaineaf@reddit.com,Male,34.211.226.55
2001,Thor,Dennitts,tdennittsag@wunderground.com,Male,195.248.77.112
2001,Hester,Anlay,hanlayah@t.co,Female,83.138.119.162
2001,Reginald,Hixley,rhixleyai@yale.edu,Male,111.112.111.163
2001,Natalee,Douce,ndouceaj@redcross.org,Female,125.244.221.122
2001,Randie,Cotgrave,rcotgraveak@nifty.com,Male,180.237.223.77
2001,Eric,Linny,elinnyal@linkedin.com,Genderqueer,241.77.34.70
2001,Aviva,Bonafant,abonafantam@pen.io,Polygender,4.148.7.83
2001,George,Domeny,gdomenyan@youtu.be,Female,10.28.234.85
2001,Essie,Bizzey,ebizzeyao@imdb.com,Female,20.21.43.17
2001,Valerie,Harses,vharsesap@cbslocal.com,Female,151.17.121.81
2001,Nick,Sarvar,nsarvaraq@scientificamerican.com,Male,38.254.165.49
2001,Dayna,Gobourn,dgobournar@reddit.com,Female,62.13.46.206
2001,Robert,Duxbarry,rduxbarryas@diigo.com,Bigender,149.4.124.45
2001,Maggi,Hefner,mhefnerat@sun.com,Female,0.26.228.171
2001,Jeramie,Eddolls,jeddollsau@blogspot.com,Male,32.34.81.97
2001,Gene,Danilenko,gdanilenkoav@gnu.org,Male,10.206.184.180
2001,Ariadne,Warde,awardeaw@ibm.com,Non-binary,195.39.201.20
2001,Jaynell,Bownass,jbownassax@zimbio.com,Female,251.160.67.52
2001,Oswald,Bolstridge,obolstridgeay@soundcloud.com,Male,54.10.234.73
2001,Dollie,Aveline,davelineaz@flickr.com,Non-binary,220.202.166.236
2001,Haskel,Potticary,hpotticaryb0@webs.com,Male,54.203.4.123
2001,Dorian,Stroud,dstroudb1@desdev.cn,Male,106.145.153.113
2001,Worth,Bennet,wbennetb2@uiuc.edu,Male,131.32.188.143
2001,Christabel,Meugens,cmeugensb3@patch.com,Female,197.157.159.208
2001,Kort,Cassey,kcasseyb4@trellian.com,Male,228.156.242.41
2001,Biron,Stallebrass,bstallebrassb5@slashdot.org,Male,80.168.180.14
2001,Nevins,Brettelle,nbrettelleb6@paginegialle.it,Male,251.177.28.250
2001,Free,Runnicles,frunniclesb7@hc360.com,Male,220.68.105.42
2001,Rodolph,Heynel,rheynelb8@hp.com,Male,117.243.101.61
2001,Robin,Keitch,rkeitchb9@cnbc.com,Female,122.176.101.87
2001,Skipper,Anetts,sanettsba@example.com,Male,196.252.122.129
2001,Freda,Samms,fsammsbb@omniture.com,Female,119.67.29.198
2001,Base,Rockey,brockeybc@stanford.edu,Male,30.119.136.47
2001,Maggi,Bernhardt,mbernhardtbd@dropbox.com,Female,61.213.59.150
2001,Rodney,Hendrich,rhendrichbe@wikispaces.com,Male,8.161.198.136
2001,Neale,Kyndred,nkyndredbf@nytimes.com,Male,124.169.155.31
2001,Goldy,Tennant,gtennantbg@paypal.com,Genderqueer,227.54.142.130
2001,Mason,Nyland,mnylandbh@mysql.com,Male,253.154.11.27
2001,Gertruda,Gunthorp,ggunthorpbi@people.com.cn,Non-binary,65.191.6.91
2001,Rodolfo,Robion,rrobionbj@goodreads.com,Male,168.21.189.80
2001,Niven,Caps,ncapsbk@ifeng.com,Male,169.171.61.107
2001,Peggy,Coatman,pcoatmanbl@independent.co.uk,Female,125.22.50.32
2001,Delora,Banister,dbanisterbm@geocities.jp,Female,21.51.44.157
2001,Gualterio,Cowely,gcowelybn@seesaa.net,Male,97.5.190.138
2001,Kara-lynn,Lindsley,klindsleybo@rambler.ru,Female,113.152.2.40
2001,Lambert,Challes,lchallesbp@opera.com,Male,2.217.225.172
2001,Ax,Lawrenson,alawrensonbq@reference.com,Bigender,74.172.184.226
2001,Sadye,Eteen,seteenbr@nps.gov,Female,241.3.127.20
2001,Grier,Colqueran,gcolqueranbs@un.org,Bigender,13.76.29.223
2001,Tiphanie,Andreia,tandreiabt@fc2.com,Bigender,69.141.94.110
2001,Hildy,Cranham,hcranhambu@imgur.com,Female,152.195.206.77
2001,Ginny,McGourty,gmcgourtybv@nytimes.com,Female,198.29.169.126
2001,Orly,Mundie,omundiebw@marriott.com,Female,30.154.254.65
2001,Lodovico,Brickett,lbrickettbx@mapquest.com,Male,129.24.91.151
2001,Basilio,Acomb,bacombby@booking.com,Male,126.10.80.235
2001,Jim,Tofano,jtofanobz@abc.net.au,Male,99.207.254.112
2001,Marna,Smickle,msmicklec0@wp.com,Female,160.201.53.141
2001,Rosita,Polson,rpolsonc1@uiuc.edu,Female,110.105.249.166
2001,Tracee,Brimner,tbrimnerc2@163.com,Female,203.191.117.8
2001,Diannne,Antonucci,dantonuccic3@live.com,Female,120.31.222.19
2001,Glendon,Ely,gelyc4@yahoo.co.jp,Genderqueer,213.165.156.180
2001,Dulcinea,Checchetelli,dchecchetellic5@discovery.com,Female,147.159.89.175
2001,Cross,Gregolin,cgregolinc6@umich.edu,Genderqueer,203.120.57.229
2001,Normand,Tillyer,ntillyerc7@pinterest.com,Male,228.234.212.102
2001,Clint,Habbijam,chabbijamc8@wisc.edu,Male,182.45.27.65
2001,Tod,Wace,twacec9@yellowbook.com,Male,115.184.63.107
2001,Janice,Kochs,jkochsca@mlb.com,Female,87.32.154.83
2001,Melonie,Markey,mmarkeycb@quantcast.com,Female,203.152.94.77
2001,Anatole,St Ange,astangecc@go.com,Male,252.7.244.143
2001,Isadora,Diess,idiesscd@zimbio.com,Female,221.88.227.31
2001,Almeria,Scothorne,ascothornece@furl.net,Female,29.75.233.155
2001,Gerrie,Dionisetto,gdionisettocf@soup.io,Male,135.172.215.188
2001,Vite,Yeaman,vyeamancg@opensource.org,Male,247.230.244.228
2001,Kizzee,Girardi,kgirardich@printfriendly.com,Female,134.127.83.92
2001,Sadye,Lammertz,slammertzci@blinklist.com,Female,248.85.86.182
2001,Lari,Chew,lchewcj@mozilla.org,Female,171.28.173.95
2001,Helsa,Pinkerton,hpinkertonck@issuu.com,Female,130.67.95.146
2001,Barth,MacFayden,bmacfaydencl@vimeo.com,Male,230.63.170.155
2001,Boot,Tomadoni,btomadonicm@google.es,Genderfluid,240.180.128.144
2001,Con,Hartles,chartlescn@acquirethisname.com,Non-binary,13.87.82.151
2001,Gregory,Gheeraert,ggheeraertco@businessinsider.com,Male,70.167.209.46
2001,Annabella,O'Kynsillaghe,aokynsillaghecp@ocn.ne.jp,Polygender,166.82.31.198
2001,Dewie,Stoodale,dstoodalecq@slideshare.net,Male,6.171.83.130
2001,Carolan,Bance,cbancecr@amazon.de,Female,138.47.219.77
2001,Evelina,Dagnall,edagnallcs@a8.net,Female,75.67.124.204
2001,Isidor,Grichukhanov,igrichukhanovct@nps.gov,Male,201.205.222.41
2001,Elena,Stigell,estigellcu@shop-pro.jp,Female,242.255.240.198
2001,Bill,Christer,bchristercv@un.org,Male,29.37.74.74
2001,Rurik,Shrieves,rshrievescw@ca.gov,Male,218.147.17.219
2001,Eleanora,Reuter,ereutercx@bbc.co.uk,Female,20.108.197.16
2001,Melony,Goldis,mgoldiscy@deviantart.com,Female,94.171.157.63
2001,Sarena,Burkart,sburkartcz@engadget.com,Bigender,212.238.222.63
2001,Pammi,Pennuzzi,ppennuzzid0@wikia.com,Female,149.157.217.85
2001,Darice,Undrell,dundrelld1@wufoo.com,Female,38.238.111.48
2001,Consolata,Babin,cbabind2@dyndns.org,Female,131.3.124.184
2001,Kirstyn,Gwinnell,kgwinnelld3@economist.com,Female,252.229.207.152
2001,Windham,Shemelt,wshemeltd4@digg.com,Male,7.141.55.137
2001,Lorrin,Starrs,lstarrsd5@etsy.com,Female,190.94.158.167
2001,Cleon,O'Luby,colubyd6@cornell.edu,Male,43.51.29.169
2001,Lucas,Sketch,lsketchd7@fda.gov,Male,22.221.25.181
2001,Nertie,McClune,nmccluned8@pcworld.com,Female,53.242.71.51
2001,Eirena,Gladstone,egladstoned9@omniture.com,Female,152.67.111.89
2001,Bertram,Tumasian,btumasianda@sohu.com,Male,101.208.138.187
2001,Holly,Fauning,hfauningdb@goodreads.com,Male,23.123.197.91
2001,Brynne,Criag,bcriagdc@unc.edu,Agender,75.220.242.100
2001,Abra,Rhyme,arhymedd@hp.com,Female,1.205.37.86
2001,D'arcy,Orr,dorrde@friendfeed.com,Male,210.171.215.238
2001,Claudian,Goodridge,cgoodridgedf@google.de,Male,87.184.191.212
2001,Rhetta,Braden,rbradendg@geocities.jp,Female,3.172.60.248
2001,Millicent,Poll,mpolldh@altervista.org,Female,115.14.188.244
2001,Waneta,Inkster,winksterdi@cam.ac.uk,Female,43.237.68.18
2001,Franny,Gasken,fgaskendj@washingtonpost.com,Female,13.58.123.165
2001,Kenn,Hanning,khanningdk@vkontakte.ru,Male,170.137.25.98
2001,Bogey,Wyse,bwysedl@phoca.cz,Male,204.221.225.71
2001,Gill,Reddy,greddydm@cnet.com,Genderfluid,81.143.18.132
2001,Oliver,Wickey,owickeydn@pagesperso-orange.fr,Male,244.163.148.20
2001,Isidore,Seamarke,iseamarkedo@exblog.jp,Male,142.68.127.184
2001,Helene,Bailess,hbailessdp@wisc.edu,Female,114.3.131.123
2001,Michele,Jackman,mjackmandq@infoseek.co.jp,Male,145.219.77.46
2001,Wainwright,Rennenbach,wrennenbachdr@who.int,Male,92.86.208.191
2001,Marcel,Kasher,mkasherds@auda.org.au,Male,72.241.106.36
2001,Raphael,Bowe,rbowedt@blogspot.com,Male,113.240.9.57
2001,Tamma,Hargroves,thargrovesdu@nyu.edu,Female,244.120.136.54
2001,Lainey,Jennaway,ljennawaydv@ebay.com,Female,9.245.97.230
2001,Caldwell,Bratcher,cbratcherdw@netlog.com,Male,49.45.167.192
2001,Christean,Crinidge,ccrinidgedx@virginia.edu,Female,243.63.173.120
2001,Ada,Piwell,apiwelldy@infoseek.co.jp,Female,152.39.189.36
2001,Suzie,Frankton,sfranktondz@stumbleupon.com,Female,173.199.201.30
2001,Mead,Presdie,mpresdiee0@umich.edu,Genderfluid,195.194.103.43
2001,Bondy,Doerling,bdoerlinge1@usatoday.com,Male,31.168.187.199
2001,Verge,Parris,vparrise2@tmall.com,Male,125.114.85.244
2001,Eben,Chillingsworth,echillingsworthe3@wsj.com,Male,208.63.248.192
2001,Katlin,Adie,kadiee4@ebay.com,Female,139.97.216.8
2001,Valli,Chettoe,vchettoee5@bbb.org,Female,140.12.8.46
2001,Salvatore,Duckering,sduckeringe6@slideshare.net,Male,190.51.74.190
2001,Paola,Jeannet,pjeannete7@reference.com,Female,122.178.79.150
2001,Huntington,Minall,hminalle8@a8.net,Male,247.91.118.18
2001,Ingelbert,Le Fleming,ilefleminge9@unblog.fr,Male,207.245.72.13
2001,Dicky,Searston,dsearstonea@npr.org,Male,96.194.13.65
2001,Reginald,Derell,rderelleb@uiuc.edu,Male,129.141.79.134
2001,Ravi,Healey,rhealeyec@icq.com,Male,65.84.223.17
2001,Jaquith,Alelsandrowicz,jalelsandrowiczed@rediff.com,Female,205.150.1.255
2001,Valida,Lydden,vlyddenee@artisteer.com,Non-binary,54.87.62.241
2001,Chase,Figgess,cfiggessef@taobao.com,Male,250.115.38.78
2001,Zacharias,Wells,zwellseg@deviantart.com,Male,102.238.28.67
2001,Annabella,Canedo,acanedoeh@soup.io,Female,150.228.165.3
2001,Raymond,McClaughlin,rmcclaughlinei@nba.com,Male,222.199.117.201
2001,Chaim,Kellington,ckellingtonej@dion.ne.jp,Male,149.83.212.203
2001,Pail,Tesseyman,ptesseymanek@theatlantic.com,Male,137.71.39.83
2001,Norbert,Derington,nderingtonel@nytimes.com,Male,65.39.236.114
2001,Ekaterina,Delooze,edeloozeem@independent.co.uk,Female,184.191.35.176
2001,Luci,Myrkus,lmyrkusen@xrea.com,Female,106.148.223.182
2001,Aubrie,Neiland,aneilandeo@si.edu,Female,67.22.255.90
2001,Benyamin,Spini,bspiniep@intel.com,Male,203.69.193.141
2001,Lurline,Paulat,lpaulateq@eventbrite.com,Female,143.118.236.162
2001,Romain,Galbreth,rgalbrether@yahoo.com,Male,227.41.120.97
2001,Martina,Maudlen,mmaudlenes@imdb.com,Female,248.168.36.80
2001,Danila,Rulten,drultenet@paginegialle.it,Female,62.168.103.98
2001,Daffy,Donald,ddonaldeu@woothemes.com,Genderqueer,25.199.207.97
2001,Bartholomew,De Witt,bdewittev@wp.com,Male,96.255.84.109
2001,Farris,Toffolini,ftoffoliniew@gizmodo.com,Male,123.35.164.94
2001,Nathalia,Beddard,nbeddardex@reverbnation.com,Female,75.229.243.184
2001,Cchaddie,Janousek,cjanousekey@rakuten.co.jp,Male,42.212.93.170
2001,Giacobo,Crickett,gcrickettez@ustream.tv,Male,49.126.30.125
2001,Gideon,Mayman,gmaymanf0@sitemeter.com,Male,76.95.160.216
2001,Dennis,Limer,dlimerf1@rambler.ru,Male,78.132.1.42
2001,Jarrett,Walshaw,jwalshawf2@ebay.co.uk,Male,224.150.85.108
2001,Nadiya,Woollacott,nwoollacottf3@liveinternet.ru,Female,3.209.149.147
2001,Mariellen,Lindenberg,mlindenbergf4@xrea.com,Female,61.234.86.32
2001,Ham,O'Donohue,hodonohuef5@moonfruit.com,Male,206.131.65.23
2001,Horacio,Filasov,hfilasovf6@msn.com,Bigender,193.51.146.241
2001,Erhard,Frudd,efruddf7@abc.net.au,Non-binary,56.0.108.29
2001,Ronny,O'Scanlan,roscanlanf8@xrea.com,Male,228.8.172.111
2001,Lauri,Jancey,ljanceyf9@weebly.com,Female,143.154.118.249
2001,Marietta,Rudeforth,mrudeforthfa@prlog.org,Female,12.118.16.225
2001,Crichton,Drewet,cdrewetfb@nymag.com,Genderqueer,17.76.245.239
2001,Melisande,Sydry,msydryfc@vinaora.com,Female,7.187.217.103
2001,Honoria,Hanney,hhanneyfd@go.com,Female,26.228.249.35
2001,Pamela,Screech,pscreechfe@oracle.com,Female,136.91.145.75
2001,Skyler,Thamelt,sthameltff@nyu.edu,Male,51.20.117.160
2001,Willa,Sutcliff,wsutclifffg@uol.com.br,Female,120.121.237.193
2001,Diane-marie,Leirmonth,dleirmonthfh@illinois.edu,Female,122.22.22.191
2001,Bernelle,Nazaret,bnazaretfi@globo.com,Female,120.84.76.180
2001,Brady,Sara,bsarafj@businessweek.com,Male,50.88.79.232
2001,Adams,Askem,aaskemfk@dailymotion.com,Male,205.196.253.191
2001,Loutitia,Witherop,lwitheropfl@privacy.gov.au,Female,89.35.55.228
2001,Vittorio,Claasen,vclaasenfm@canalblog.com,Male,195.50.223.222
2001,Edwin,Ketch,eketchfn@stanford.edu,Male,34.149.94.122
2001,Daune,Edmonston,dedmonstonfo@foxnews.com,Female,246.5.46.51
2001,Ware,Khotler,wkhotlerfp@tinyurl.com,Male,74.111.86.227
2001,Willi,Mabbitt,wmabbittfq@livejournal.com,Female,213.105.27.190
2001,Jessey,Bautiste,jbautistefr@facebook.com,Male,15.233.120.156
2001,Elisha,Nussii,enussiifs@php.net,Female,86.131.70.74
2001,Yoshi,Gillanders,ygillandersft@uiuc.edu,Female,252.84.104.217
2001,Rutledge,Borge,rborgefu@fema.gov,Genderqueer,166.194.50.9
2001,Emilie,Hulk,ehulkfv@telegraph.co.uk,Genderfluid,180.69.83.196
2001,Emmanuel,Cardello,ecardellofw@photobucket.com,Male,14.121.132.85
2001,Charline,Gander,cganderfx@issuu.com,Female,6.253.167.24
2001,Marcelle,Zanardii,mzanardiify@google.ca,Female,186.139.141.95
2001,Renard,Cliff,rclifffz@ted.com,Male,117.135.53.187
2001,Cordie,Casolla,ccasollag0@ebay.com,Male,21.204.140.153
2001,Ingrid,Nolot,inolotg1@youku.com,Female,85.101.7.72
2001,Free,Snaddin,fsnadding2@yahoo.co.jp,Polygender,46.173.219.136
2001,Philbert,Ceyssen,pceysseng3@netvibes.com,Male,227.218.250.185
2001,Giulietta,Gatfield,ggatfieldg4@mashable.com,Female,157.169.188.138
2001,Traver,Connikie,tconnikieg5@salon.com,Male,44.96.17.60
2001,Casandra,Brizland,cbrizlandg6@weather.com,Female,255.255.197.18
2001,Sarge,Christophersen,schristopherseng7@jiathis.com,Male,161.236.64.75
2001,Sarette,Postins,spostinsg8@aol.com,Female,34.180.28.160
2001,Leland,Schutze,lschutzeg9@elpais.com,Polygender,93.202.141.11
2001,Stanwood,Pering,speringga@ocn.ne.jp,Male,16.64.67.1
2001,Ashlie,Moult,amoultgb@wikia.com,Female,86.235.205.72
2001,Marcella,Waldram,mwaldramgc@reuters.com,Female,13.79.179.61
2001,Morissa,Shiell,mshiellgd@yelp.com,Female,121.105.135.177
2001,Dorita,Skedgell,dskedgellge@tiny.cc,Female,248.56.47.130
2001,Caroline,Lathleiff,clathleiffgf@foxnews.com,Female,184.55.109.14
2001,Pren,Jayne,pjaynegg@prlog.org,Male,130.212.172.192
2001,Petunia,Kivell,pkivellgh@vistaprint.com,Female,28.239.40.112
2001,Cherin,Wones,cwonesgi@taobao.com,Female,25.73.3.239
2001,Aguistin,Dishman,adishmangj@webnode.com,Bigender,28.244.160.10
2001,Margalo,Costock,mcostockgk@drupal.org,Female,183.17.61.139
2001,Willie,Edsell,wedsellgl@washingtonpost.com,Male,34.103.211.76
2001,Chiquita,Copestick,ccopestickgm@sourceforge.net,Female,109.148.45.46
2001,Swen,Ham,shamgn@wunderground.com,Bigender,170.72.68.35
2001,Fae,Darrigrand,fdarrigrandgo@reference.com,Female,73.68.46.47
2001,Phillis,Beeze,pbeezegp@hostgator.com,Female,39.87.10.165
2001,Dorita,Michelmore,dmichelmoregq@abc.net.au,Female,170.125.15.184
2001,Sheelah,Royl,sroylgr@github.io,Female,110.47.41.189
2001,Tan,Ingarfill,tingarfillgs@ucsd.edu,Male,154.71.170.200
2001,Mead,MacGillicuddy,mmacgillicuddygt@businesswire.com,Female,173.121.192.214
2001,Jorrie,Casley,jcasleygu@howstuffworks.com,Female,66.226.67.114
2001,Ingrid,Ladds,iladdsgv@un.org,Female,130.235.198.252
2001,Tybi,Aggio,taggiogw@nydailynews.com,Female,97.229.111.219
2001,Antons,Potteridge,apotteridgegx@spiegel.de,Male,43.6.15.133
2001,Normie,Inkin,ninkingy@example.com,Male,226.217.135.6
2001,Felicity,Eykelbosch,feykelboschgz@house.gov,Female,225.110.240.206
2001,Eldredge,Heifer,eheiferh0@bluehost.com,Male,141.243.3.231
2001,Jaye,Zuanelli,jzuanellih1@theatlantic.com,Male,113.47.187.77
2001,Hamilton,Ferryn,hferrynh2@who.int,Male,62.38.26.206
2001,Perri,Padgham,ppadghamh3@miitbeian.gov.cn,Female,225.34.151.63
2001,Patrizius,Bartoletti,pbartolettih4@msn.com,Male,157.227.82.212
2001,Hewitt,Acres,hacresh5@webnode.com,Male,70.112.187.163
2001,Melvyn,Munroe,mmunroeh6@quantcast.com,Male,180.3.155.242
2001,Selle,Tiddeman,stiddemanh7@mayoclinic.com,Female,51.193.252.95
2001,Vita,Pemberton,vpembertonh8@booking.com,Non-binary,108.168.244.156
2001,Dyanne,Kellie,dkellieh9@people.com.cn,Genderqueer,231.104.34.125
2001,Keith,de Mendoza,kdemendozaha@smugmug.com,Male,212.236.6.13
2001,Dominic,Larchiere,dlarchierehb@hugedomains.com,Male,78.21.24.204
2001,Way,Buncombe,wbuncombehc@flavors.me,Male,51.62.42.60
2001,Myranda,Largen,mlargenhd@chronoengine.com,Female,87.60.63.4
2001,Arlen,Shewen,ashewenhe@pinterest.com,Male,202.205.35.178
2001,Luis,Adelman,ladelmanhf@ted.com,Male,236.115.124.30
2001,Brockie,Lindblom,blindblomhg@behance.net,Male,69.131.242.56
2001,Robbie,Richings,rrichingshh@lulu.com,Male,146.80.248.233
2001,Angil,Cocksedge,acocksedgehi@columbia.edu,Female,150.226.139.138
2001,Cullan,Batsford,cbatsfordhj@va.gov,Male,21.153.122.59
2001,Asher,Egdal,aegdalhk@e-recht24.de,Male,192.38.139.123
2001,Shelton,Marwick,smarwickhl@newyorker.com,Male,230.27.125.159
2001,Burton,Westmancoat,bwestmancoathm@ucoz.ru,Male,18.12.97.179
2001,Daveta,Paule,dpaulehn@liveinternet.ru,Bigender,179.104.208.70
2001,Forster,Loude,floudeho@businessweek.com,Bigender,129.234.42.184
2001,Garwood,Jimes,gjimeshp@seesaa.net,Male,239.189.71.191
2001,Hunter,Cicchillo,hcicchillohq@hhs.gov,Male,0.39.78.30
2001,Mamie,Gryglewski,mgryglewskihr@zdnet.com,Female,150.8.121.125
2001,Sayer,Frye,sfryehs@phpbb.com,Genderfluid,27.239.218.66
2001,Urbano,Buxam,ubuxamht@wix.com,Male,132.162.224.139
2001,Giuditta,Folli,gfollihu@freewebs.com,Female,245.67.167.90
2001,Pryce,Cluse,pclusehv@alibaba.com,Genderqueer,65.233.75.116
2001,Kristopher,Martynov,kmartynovhw@exblog.jp,Male,136.235.30.61
2001,Yardley,Cassella,ycassellahx@example.com,Male,189.123.131.24
2001,Sherill,Lisle,slislehy@sciencedirect.com,Female,115.205.77.160
2001,Romona,Chavrin,rchavrinhz@exblog.jp,Female,219.140.171.128
2001,Mercy,Begent,mbegenti0@so-net.ne.jp,Female,248.169.252.150
2001,Hubert,Yapp,hyappi1@intel.com,Male,199.87.45.94
2001,Reggie,Pigeram,rpigerami2@microsoft.com,Female,194.184.115.170
2001,Linc,Turley,lturleyi3@vinaora.com,Male,222.33.86.252
2001,Cullie,Bramhall,cbramhalli4@baidu.com,Male,31.44.178.162
2001,Salim,Shatliffe,sshatliffei5@ocn.ne.jp,Male,194.203.31.151
2001,Matthias,Baggiani,mbaggianii6@huffingtonpost.com,Male,79.55.113.22
2001,Melvyn,Tutsell,mtutselli7@barnesandnoble.com,Male,108.243.131.152
2001,Findley,McSweeney,fmcsweeneyi8@senate.gov,Male,149.109.255.79
2001,Othello,McMains,omcmainsi9@unblog.fr,Male,201.206.3.13
2001,Lexi,Villa,lvillaia@youtu.be,Female,177.15.161.135
2001,Celeste,Zambon,czambonib@wired.com,Female,211.39.136.120
2001,Mace,Holton,mholtonic@issuu.com,Male,17.212.55.118
2001,Sylvester,Dowbiggin,sdowbigginid@yandex.ru,Male,145.4.40.172
2001,Carol-jean,Piddle,cpiddleie@bizjournals.com,Female,184.168.215.42
2001,Goldia,Shields,gshieldsif@histats.com,Female,169.240.84.219
2001,Barrie,Wilks,bwilksig@i2i.jp,Agender,3.88.124.209
2001,Dom,Just,djustih@answers.com,Male,1.220.78.55
2001,Rasia,Iggo,riggoii@phoca.cz,Bigender,12.11.63.110
2001,Fernandina,Burry,fburryij@is.gd,Female,80.134.139.224
2001,Terence,Maddigan,tmaddiganik@oakley.com,Male,74.8.131.176
2001,Gretta,Carletto,gcarlettoil@europa.eu,Female,164.33.139.55
2001,Ezra,Cockerell,ecockerellim@networkadvertising.org,Male,177.148.198.21
2001,Gaylord,Lowrie,glowriein@is.gd,Male,142.102.17.56
2001,Sanderson,Gurge,sgurgeio@digg.com,Male,96.115.141.221
2001,Carmine,Dysert,cdysertip@spotify.com,Male,99.105.77.77
2001,Hermann,Siggins,hsigginsiq@eepurl.com,Male,206.3.80.160
2001,Torin,Sparshett,tsparshettir@hatena.ne.jp,Male,84.41.129.107
2001,Kat,Crush,kcrushis@nps.gov,Female,227.43.219.253
2001,Gerianne,Berridge,gberridgeit@last.fm,Female,40.164.237.205
2001,Gay,Chitter,gchitteriu@reddit.com,Agender,249.212.116.159
2001,Ode,Whightman,owhightmaniv@ocn.ne.jp,Male,140.211.22.69
2001,Kristian,Slyvester,kslyvesteriw@google.ru,Agender,65.119.169.119
2001,Bethena,Garden,bgardenix@sciencedaily.com,Female,217.37.3.77
2001,Mycah,Coltart,mcoltartiy@mozilla.org,Male,243.142.180.5
2001,Carmon,Meugens,cmeugensiz@aol.com,Non-binary,141.131.146.116
2001,Aube,Clemes,aclemesj0@pagesperso-orange.fr,Male,213.239.135.75
2001,Reena,Gartenfeld,rgartenfeldj1@deviantart.com,Female,143.75.248.214
2001,Tammie,Connell,tconnellj2@nasa.gov,Male,121.69.15.4
2001,Mannie,Spittall,mspittallj3@vinaora.com,Male,27.36.193.196
2001,Cindy,Northway,cnorthwayj4@xinhuanet.com,Female,239.234.32.76
2001,Jared,Bryde,jbrydej5@networksolutions.com,Male,32.73.228.181
2001,Bibi,Jewel,bjewelj6@ezinearticles.com,Female,246.167.61.41
2001,Kenon,Bastone,kbastonej7@time.com,Male,185.70.242.51
2001,Othelia,Pairpoint,opairpointj8@artisteer.com,Female,167.141.144.181
2001,Andra,Fost,afostj9@ftc.gov,Female,105.42.151.64
2001,Amalle,Bake,abakeja@google.com.br,Female,9.171.33.8
2001,Arnold,Pitkeathly,apitkeathlyjb@vk.com,Male,213.133.242.206
2001,Jenifer,Melville,jmelvillejc@bluehost.com,Female,145.82.177.116
2001,Vanya,Queyeiro,vqueyeirojd@bloglines.com,Male,46.237.61.162
2001,Guglielma,Kondratowicz,gkondratowiczje@comsenz.com,Female,185.161.13.4
2001,Broderick,Skinley,bskinleyjf@creativecommons.org,Male,45.93.122.121
2001,Konstantine,Battson,kbattsonjg@nps.gov,Agender,1.63.204.121
2001,Anastasia,Dredge,adredgejh@microsoft.com,Female,54.234.9.34
2001,Roana,Itzkin,ritzkinji@technorati.com,Female,143.46.86.66
2001,Crichton,Ben,cbenjj@indiegogo.com,Male,51.208.5.122
2001,Traver,Deppe,tdeppejk@seattletimes.com,Male,174.85.51.235
2001,Nanete,Pyvis,npyvisjl@home.pl,Female,165.149.213.254
2001,Fernandina,Castiello,fcastiellojm@who.int,Female,226.103.87.163
2001,Vladamir,Washbrook,vwashbrookjn@flavors.me,Male,176.124.154.92
2001,Mona,Ridwood,mridwoodjo@utexas.edu,Female,246.135.243.17
2001,Sol,Stoll,sstolljp@homestead.com,Non-binary,184.75.203.105
2001,Sayre,Feavers,sfeaversjq@seattletimes.com,Male,150.226.247.101
2001,Bald,Waine,bwainejr@walmart.com,Male,93.54.153.113
2001,Otis,Sweetlove,osweetlovejs@wikispaces.com,Male,27.20.175.238
2001,Ansell,Cheak,acheakjt@people.com.cn,Male,66.194.217.107
2001,Kristopher,Puddin,kpuddinju@linkedin.com,Male,124.165.166.113
2001,Teirtza,Withur,twithurjv@gmpg.org,Female,185.135.213.73
2001,Jermain,Wogdon,jwogdonjw@weibo.com,Male,50.253.232.197
2001,Charmane,Skittrell,cskittrelljx@ucoz.ru,Female,163.160.121.10
2001,Merrielle,Aylott,maylottjy@blogger.com,Female,133.106.254.1
2001,Jesus,Nizet,jnizetjz@gov.uk,Male,214.217.215.39
2001,Rafa,Bodocs,rbodocsk0@upenn.edu,Female,139.147.134.170
2001,Aldric,Prosek,aprosekk1@nytimes.com,Male,1.34.150.231
2001,Forester,Higgen,fhiggenk2@1688.com,Male,131.55.192.229
2001,Barbie,Parlour,bparlourk3@pen.io,Female,49.87.252.20
2001,Kandy,Skeats,kskeatsk4@techcrunch.com,Female,162.226.33.249
2001,Dallas,Poser,dposerk5@newsvine.com,Male,246.76.59.185
2001,Abbe,Linck,alinckk6@latimes.com,Male,145.202.229.12
2001,Rubina,Livezey,rlivezeyk7@simplemachines.org,Female,67.126.28.73
2001,Lauretta,Rosborough,lrosboroughk8@statcounter.com,Non-binary,11.207.87.197
2001,Dulcy,Uman,dumank9@squarespace.com,Female,86.227.11.157
2001,Shina,Dyka,sdykaka@army.mil,Female,141.21.77.131
2001,Ninetta,Presnell,npresnellkb@amazon.co.jp,Female,219.253.211.52
2001,Sherm,Cuseick,scuseickkc@vk.com,Male,213.209.146.76
2001,Vita,Pettyfer,vpettyferkd@weebly.com,Bigender,208.131.136.106
2001,Spence,Bridgland,sbridglandke@illinois.edu,Male,39.107.165.163
2001,Agnese,Braxay,abraxaykf@amazonaws.com,Female,54.22.29.28
2001,Alexandrina,Mangion,amangionkg@symantec.com,Female,142.241.158.242
2001,Jackie,Copes,jcopeskh@fema.gov,Female,78.79.177.122
2001,Joane,Darrigoe,jdarrigoeki@surveymonkey.com,Female,31.125.148.73
2001,Candide,Raincin,craincinkj@shop-pro.jp,Female,157.40.130.124
2001,Kahlil,Crutch,kcrutchkk@desdev.cn,Male,110.115.9.113
2001,Thorn,Sherel,tsherelkl@reuters.com,Male,70.69.224.34
2001,Mahmud,Iwanowski,miwanowskikm@mapy.cz,Male,123.150.195.240
2001,Kenton,Cockcroft,kcockcroftkn@hexun.com,Male,205.14.233.60
2001,Grove,Brabender,gbrabenderko@google.it,Male,77.201.37.53
2001,Marcie,Pointing,mpointingkp@disqus.com,Female,139.116.119.186
2001,Dorie,Struis,dstruiskq@baidu.com,Male,254.151.201.97
2001,Thorstein,Maffin,tmaffinkr@skyrock.com,Genderqueer,32.160.238.117
2001,Ingar,Hammerberger,ihammerbergerks@nhs.uk,Male,247.79.129.197
2001,Becca,Gouch,bgouchkt@usatoday.com,Polygender,18.130.14.80
2001,Alyssa,Herries,aherriesku@instagram.com,Female,252.184.191.9
2001,Jarad,Thews,jthewskv@desdev.cn,Male,36.135.254.142
2001,Murry,Baldree,mbaldreekw@ft.com,Non-binary,57.77.97.150
2001,Trstram,Copp,tcoppkx@ted.com,Male,228.130.127.251
2001,Fredra,Beakes,fbeakesky@weebly.com,Female,92.48.51.34
2001,Sutherland,Berthelmot,sberthelmotkz@ifeng.com,Male,181.245.105.56
2001,Napoleon,Cannan,ncannanl0@jigsy.com,Male,218.127.104.202
2001,Hildagard,Downie,hdowniel1@bloomberg.com,Female,223.120.117.53
2001,Isidore,Cardenoso,icardenosol2@narod.ru,Male,137.249.151.138
2001,Tilda,MacNeillie,tmacneilliel3@privacy.gov.au,Female,84.85.242.95
2001,Neddie,Colvine,ncolvinel4@geocities.com,Male,132.25.102.204
2001,Myrna,Merle,mmerlel5@digg.com,Genderqueer,172.87.35.223
2001,Wheeler,Copcote,wcopcotel6@devhub.com,Male,136.1.197.84
2001,Shermy,Longland,slonglandl7@unc.edu,Genderfluid,131.124.6.93
2001,Bernarr,Buxsy,bbuxsyl8@elpais.com,Polygender,185.211.98.52
2001,Wald,Thickens,wthickensl9@cbslocal.com,Male,36.153.62.25
2001,Page,Cotes,pcotesla@amazon.co.jp,Male,123.152.49.156
2001,Fernando,Feaveryear,ffeaveryearlb@tripod.com,Male,123.139.170.204
2001,Misty,Dreye,mdreyelc@zdnet.com,Female,133.60.18.171
2001,Deedee,Kemble,dkembleld@lulu.com,Female,80.50.251.201
2001,Ronald,Giamuzzo,rgiamuzzole@mapquest.com,Male,244.21.172.123
2001,Viole,Gregg,vgregglf@samsung.com,Female,208.81.33.213
2001,Elsinore,Bonde,ebondelg@hubpages.com,Female,249.172.221.130
2001,Udell,Sessuns,usessunslh@mayoclinic.com,Male,18.219.115.67
2001,Verene,Askey,vaskeyli@geocities.jp,Polygender,1.252.166.111
2001,Mart,MacVicar,mmacvicarlj@xing.com,Male,103.215.174.9
2001,Dilan,Tidball,dtidballlk@homestead.com,Male,110.130.99.62
2001,Lavinia,Bailess,lbailessll@de.vu,Female,200.218.154.23
2001,Guglielmo,Janman,gjanmanlm@4shared.com,Agender,171.104.73.178
2001,Charity,Meeking,cmeekingln@wikispaces.com,Female,13.127.111.186
2001,Birgit,Cortese,bcorteselo@people.com.cn,Polygender,233.230.195.230
2001,Jolene,Stebbins,jstebbinslp@creativecommons.org,Female,196.3.60.43
2001,Robb,Brazear,rbrazearlq@independent.co.uk,Male,63.68.153.144
2001,Devlen,Cominotti,dcominottilr@yellowpages.com,Male,58.213.66.95
2001,Hadley,Conville,hconvillels@blinklist.com,Male,191.241.238.8
2001,Chance,McPeice,cmcpeicelt@reuters.com,Male,48.199.22.205
2001,Grete,Townley,gtownleylu@a8.net,Female,4.218.219.206
2001,Chance,Trineman,ctrinemanlv@ovh.net,Male,193.149.39.3
2001,Nina,Fiddy,nfiddylw@hugedomains.com,Female,53.190.155.29
2001,Joe,Druhan,jdruhanlx@eepurl.com,Male,215.183.143.27
2001,Taryn,Figura,tfiguraly@webeden.co.uk,Female,235.192.107.157
2001,Sherm,Beckett,sbeckettlz@tuttocitta.it,Male,77.131.238.57
2001,Tamma,Purtell,tpurtellm0@posterous.com,Female,149.172.114.97
2001,Johny,Place,jplacem1@businesswire.com,Male,17.230.73.35
2001,Ardene,Pearsall,apearsallm2@acquirethisname.com,Female,152.13.202.207
2001,Tracie,Bauldrey,tbauldreym3@tripod.com,Male,170.178.206.144
2001,Husein,Chidlow,hchidlowm4@ehow.com,Male,77.108.251.36
2001,Freemon,McBeth,fmcbethm5@globo.com,Male,139.231.93.214
2001,Leola,Body,lbodym6@cisco.com,Female,45.246.24.89
2001,Freddy,Kinsman,fkinsmanm7@techcrunch.com,Male,42.67.16.231
2001,Kristine,Abramow,kabramowm8@forbes.com,Female,111.203.176.247
2001,Olivero,Satteford,osattefordm9@issuu.com,Male,49.14.42.116
2001,Zorine,Bedminster,zbedminsterma@cloudflare.com,Female,252.157.216.208
2001,Andrew,De Moreno,ademorenomb@reuters.com,Male,31.145.210.170
2001,Loren,Harmar,lharmarmc@quantcast.com,Male,5.220.100.192
2001,Mikaela,Hullock,mhullockmd@hud.gov,Non-binary,123.106.106.9
2001,Kleon,Swanston,kswanstonme@utexas.edu,Male,128.207.152.20
2001,Pamelina,Dunk,pdunkmf@ebay.co.uk,Female,18.159.58.62
2001,Clayson,Bartrap,cbartrapmg@posterous.com,Male,222.104.77.141
2001,Jaime,Averall,javerallmh@constantcontact.com,Female,33.165.151.250
2001,Torrance,Nisco,tniscomi@springer.com,Male,233.65.163.242
2001,Aleta,Cowthard,acowthardmj@chicagotribune.com,Female,113.69.134.243
2001,Lowell,Lehrahan,llehrahanmk@live.com,Male,241.0.31.125
2001,Honor,Showell,hshowellml@house.gov,Female,116.195.208.255
2001,Leland,Smee,lsmeemm@i2i.jp,Female,43.168.213.18
2001,Merla,Goodby,mgoodbymn@mashable.com,Female,230.20.99.227
2001,Kenton,Fairs,kfairsmo@bbc.co.uk,Male,244.144.80.215
2001,Sanderson,Gyurko,sgyurkomp@psu.edu,Male,186.117.231.179
2001,Orsa,Doak,odoakmq@mail.ru,Polygender,232.241.242.118
2001,Wendell,Vatini,wvatinimr@ehow.com,Male,214.137.9.106
2001,Brenda,Luppitt,bluppittms@wikia.com,Female,130.194.142.54
2001,Monah,Manuello,mmanuellomt@wisc.edu,Female,20.222.130.45
2001,Fremont,Laws,flawsmu@google.com,Male,189.248.233.173
2001,Johnette,McMackin,jmcmackinmv@dedecms.com,Female,34.169.140.13
2001,Bern,Fairbeard,bfairbeardmw@washingtonpost.com,Male,112.125.3.148
2001,Laurella,Pixton,lpixtonmx@oakley.com,Female,15.169.138.118
2001,Chloette,Maddy,cmaddymy@ox.ac.uk,Female,151.204.164.3
2001,Goran,Leibold,gleiboldmz@scribd.com,Male,150.60.105.191
2001,Lilah,Ashurst,lashurstn0@canalblog.com,Female,242.210.249.154
2001,Benedikta,Petris,bpetrisn1@friendfeed.com,Female,113.212.21.236
2001,Eddi,Smidmor,esmidmorn2@tiny.cc,Female,4.23.234.45
2001,Weston,Coils,wcoilsn3@mapy.cz,Male,201.0.183.29
2001,Gardy,Knocker,gknockern4@last.fm,Male,118.217.11.14
2001,Aggy,Gainsbury,againsburyn5@webmd.com,Female,107.243.88.196
2001,Marcy,Duckering,mduckeringn6@ifeng.com,Female,8.195.1.16
2001,Michelle,Ullyott,mullyottn7@last.fm,Female,59.231.137.55
2001,Welby,Egle of Germany,wegleofgermanyn8@taobao.com,Male,16.35.32.218
2001,Juana,Clevely,jclevelyn9@cocolog-nifty.com,Female,66.153.55.26
2001,Bran,Moreman,bmoremanna@twitter.com,Male,238.157.148.177
2001,Emelen,Rickerd,erickerdnb@wp.com,Male,174.110.168.132
2001,Maggy,Wais,mwaisnc@artisteer.com,Female,133.16.3.77
2001,Brandtr,Levison,blevisonnd@ebay.co.uk,Male,122.130.56.10
2001,Bartolemo,Caillou,bcailloune@ibm.com,Male,150.196.17.157
2001,Stanislaus,Burkart,sburkartnf@zimbio.com,Male,144.130.140.195
2001,Lira,Farryan,lfarryanng@sfgate.com,Female,125.83.9.241
2001,Merline,Salatino,msalatinonh@amazon.co.uk,Female,131.12.135.103
2001,Pernell,Kirkam,pkirkamni@yahoo.com,Male,164.123.95.27
2001,Carlina,Prattin,cprattinnj@latimes.com,Female,205.48.21.179
2001,Isador,Grayer,igrayernk@noaa.gov,Male,71.136.140.96
2001,Jamill,Swatridge,jswatridgenl@theguardian.com,Male,5.250.237.154
2001,Barde,Ranyelld,branyelldnm@friendfeed.com,Male,10.55.133.43
2001,Dennie,Benediktsson,dbenediktssonnn@gmpg.org,Male,255.187.136.238
2001,Kile,Rann,krannno@bandcamp.com,Male,193.124.232.253
2001,Ernaline,Featherstonhalgh,efeatherstonhalghnp@mysql.com,Female,227.233.34.255
2001,Tirrell,Sherme,tshermenq@behance.net,Male,210.146.196.217
2001,Roddy,Bydaway,rbydawaynr@hhs.gov,Male,115.64.48.149
2001,Vally,Sarfat,vsarfatns@printfriendly.com,Genderqueer,93.139.254.3
2001,Hana,Reeks,hreeksnt@smugmug.com,Female,139.137.26.63
2001,Bendix,Buglar,bbuglarnu@si.edu,Male,211.39.27.109
2001,Bernarr,Aubert,baubertnv@guardian.co.uk,Male,97.46.207.194
2001,Son,Castiblanco,scastiblanconw@mit.edu,Male,142.217.241.250
2001,Kaitlyn,Gavozzi,kgavozzinx@walmart.com,Female,141.220.34.82
2001,Dar,Ferrolli,dferrolliny@latimes.com,Male,219.37.159.63
2001,Martie,Sahlstrom,msahlstromnz@domainmarket.com,Male,153.181.10.14
2001,Brion,Oppy,boppyo0@stanford.edu,Male,85.240.178.122
2001,Earlie,MacRory,emacroryo1@abc.net.au,Male,254.195.81.177
2001,Whitaker,Kegan,wkegano2@comsenz.com,Male,197.183.150.127
2001,Caddric,Oyley,coyleyo3@home.pl,Male,248.152.57.43
2001,Julian,Fitzackerley,jfitzackerleyo4@gravatar.com,Male,183.190.56.251
2001,Robers,Norwich,rnorwicho5@berkeley.edu,Male,247.163.226.210
2001,Enrica,Cleaver,ecleavero6@reddit.com,Female,0.221.86.38
2001,Lynnet,Moens,lmoenso7@behance.net,Female,206.150.58.219
2001,Andreas,Bonhome,abonhomeo8@boston.com,Male,253.174.199.196
2001,Anallese,Caccavella,acaccavellao9@ezinearticles.com,Female,23.98.102.60
2001,Osborn,Coultas,ocoultasoa@hexun.com,Male,177.49.183.108
2001,Dorice,Orpen,dorpenob@npr.org,Agender,32.52.157.61
2001,Mose,Semple,msempleoc@sina.com.cn,Male,54.151.204.243
2001,Giorgio,Wyse,gwyseod@bigcartel.com,Male,225.215.44.52
2001,Marcellus,Rosenberg,mrosenbergoe@hud.gov,Male,220.42.6.31
2001,Lynnea,Perico,lpericoof@tiny.cc,Female,157.37.25.33
2001,Edvard,Waight,ewaightog@cornell.edu,Male,162.38.117.213
2001,Nannie,Yannikov,nyannikovoh@guardian.co.uk,Female,140.46.196.1
2001,Addison,Smaling,asmalingoi@scribd.com,Male,29.26.38.207
2001,Giraldo,Gaymar,ggaymaroj@free.fr,Male,17.146.249.161
2001,Cary,Hutchinson,chutchinsonok@guardian.co.uk,Female,127.27.78.34
2001,Vanda,Bedells,vbedellsol@addthis.com,Female,235.239.63.91
2001,Roland,Vasiljevic,rvasiljevicom@adobe.com,Agender,81.172.163.183
2001,Petr,Bilton,pbiltonon@gravatar.com,Male,203.218.183.64
2001,Cull,Pilch,cpilchoo@independent.co.uk,Male,212.153.11.105
2001,Ber,Wanek,bwanekop@dmoz.org,Agender,75.109.34.206
2001,Reid,Dunbobbin,rdunbobbinoq@google.ca,Male,210.86.91.18
2001,Beck,Fumagalli,bfumagallior@elegantthemes.com,Male,195.189.169.50
2001,Fidela,Wroth,fwrothos@google.pl,Female,221.112.23.188
2001,Mohandis,Vinden,mvindenot@fastcompany.com,Male,137.102.46.64
2001,Rosette,Sokell,rsokellou@icq.com,Female,218.155.206.127
2001,Hoyt,O'Sharkey,hosharkeyov@cnbc.com,Male,63.41.208.241
2001,Dasya,Flaxman,dflaxmanow@ovh.net,Female,113.21.30.51
2001,Fairlie,Faircloth,ffairclothox@opensource.org,Male,207.36.206.186
2001,Wilie,Tommen,wtommenoy@thetimes.co.uk,Female,205.40.119.217
2001,Marcelia,Fogg,mfoggoz@loc.gov,Female,134.135.223.177
2001,Ulric,Matuszyk,umatuszykp0@apache.org,Polygender,114.113.38.203
2001,Torrey,Lohde,tlohdep1@washingtonpost.com,Male,41.100.231.116
2001,Sela,Kenen,skenenp2@jigsy.com,Female,202.165.183.75
2001,Dwain,Symson,dsymsonp3@paginegialle.it,Male,87.35.107.175
2001,Alan,Jedryka,ajedrykap4@multiply.com,Genderqueer,112.108.93.113
2001,Jaynell,McCamish,jmccamishp5@wordpress.org,Female,17.255.54.169
2001,Hernando,Brickner,hbricknerp6@nifty.com,Male,142.14.227.169
2001,Shandra,Campey,scampeyp7@ning.com,Female,160.32.111.124
2001,Merl,Hallibone,mhallibonep8@blinklist.com,Female,14.168.96.28
2001,Cecilio,Sobey,csobeyp9@reuters.com,Male,50.120.251.237
2001,Anthiathia,Blackaller,ablackallerpa@techcrunch.com,Female,5.118.255.77
2001,Ame,Dimmne,adimmnepb@de.vu,Female,169.196.163.23
2001,Conchita,Lantaff,clantaffpc@ask.com,Genderfluid,77.80.155.159
2001,Stepha,Van der Beek,svanderbeekpd@cyberchimps.com,Female,141.246.250.21
2001,Dynah,Vaillant,dvaillantpe@google.it,Female,88.34.74.69
2001,Morly,Huot,mhuotpf@yellowbook.com,Male,4.126.253.183
2001,Gannie,De La Haye,gdelahayepg@cmu.edu,Male,27.221.169.219
2001,Jakie,Scurrey,jscurreyph@lycos.com,Genderfluid,189.190.250.58
2001,Pincas,Lockyer,plockyerpi@miibeian.gov.cn,Male,196.44.27.110
2001,Octavius,Ginnety,oginnetypj@sogou.com,Male,227.113.109.186
2001,Brandice,Kaminski,bkaminskipk@unesco.org,Genderfluid,81.78.74.250
2001,Radcliffe,Pury,rpurypl@uol.com.br,Male,85.158.59.253
2001,Loy,Le Blond,lleblondpm@mtv.com,Male,39.151.199.73
2001,Michel,Larrosa,mlarrosapn@who.int,Female,253.54.245.19
2001,Cammy,Ferrie,cferriepo@vkontakte.ru,Male,34.15.16.2
2001,Shantee,Tomenson,stomensonpp@usda.gov,Female,92.207.240.107
2001,Kellie,Veschambre,kveschambrepq@163.com,Female,162.105.45.5
2001,Benedicto,Asipenko,basipenkopr@google.es,Male,18.171.139.46
2001,Stillman,Houtbie,shoutbieps@ning.com,Male,179.74.13.255
2001,Harriette,Carlin,hcarlinpt@symantec.com,Female,0.112.3.208
2001,Charlena,Grimsell,cgrimsellpu@theglobeandmail.com,Female,91.128.11.49
2001,Josephine,Crittal,jcrittalpv@hugedomains.com,Female,102.142.246.219
2001,Kristin,Brok,kbrokpw@youku.com,Female,71.49.94.18
2001,Ernesta,Gagg,egaggpx@amazon.co.uk,Female,103.79.97.127
2001,Verney,Franzotto,vfranzottopy@friendfeed.com,Male,246.27.169.37
2001,Debbie,Trundell,dtrundellpz@dagondesign.com,Female,253.113.143.58
2001,Helaina,Billo,hbilloq0@goodreads.com,Female,58.205.163.183
2001,Gates,Rowlstone,growlstoneq1@elpais.com,Female,54.156.13.120
2001,Amory,Mandel,amandelq2@ocn.ne.jp,Male,19.232.110.166
2001,Tadio,Llewelly,tllewellyq3@mozilla.org,Male,111.16.155.30
2001,Martyn,Rayman,mraymanq4@privacy.gov.au,Male,225.196.233.30
2001,Marcel,De Hoogh,mdehooghq5@xrea.com,Male,138.238.244.36
2001,Pinchas,Parham,pparhamq6@devhub.com,Male,204.104.125.31
2001,Edee,Drillingcourt,edrillingcourtq7@nih.gov,Female,154.180.207.18
2001,Nil,Crannach,ncrannachq8@elegantthemes.com,Male,113.245.124.117
2001,Kynthia,Wipfler,kwipflerq9@ft.com,Female,212.97.112.170
2001,Bonni,MacElroy,bmacelroyqa@newyorker.com,Female,17.65.92.81
2001,Perri,Alltimes,palltimesqb@japanpost.jp,Female,92.207.218.39
2001,Dukie,Sukbhans,dsukbhansqc@de.vu,Male,220.35.153.30
2001,Crysta,Erwin,cerwinqd@biglobe.ne.jp,Female,87.198.156.114
2001,Rosabelle,Harriott,rharriottqe@disqus.com,Female,227.118.130.91
2001,Kelci,Jeroch,kjerochqf@blogspot.com,Female,85.242.248.120
2001,Annmaria,Kirtlan,akirtlanqg@wiley.com,Female,4.150.103.67
2001,Sherill,Dailly,sdaillyqh@eventbrite.com,Female,204.40.144.126
2001,Alana,Quaife,aquaifeqi@sciencedaily.com,Female,246.108.145.6
2001,Jennica,Wellbelove,jwellbeloveqj@gnu.org,Female,107.244.208.19
2001,Elvira,Trim,etrimqk@blogtalkradio.com,Female,228.205.255.29
2001,Cristy,Dybbe,cdybbeql@sciencedirect.com,Female,124.209.158.199
2001,Sherill,Klaggeman,sklaggemanqm@usgs.gov,Female,145.249.158.12
2001,Courtnay,Mapledoore,cmapledooreqn@wordpress.com,Polygender,229.80.1.22
2001,Lorita,Castree,lcastreeqo@uol.com.br,Female,95.115.230.230
2001,Falkner,Pickin,fpickinqp@comcast.net,Male,144.112.80.51
2001,Nettle,Stockell,nstockellqq@google.fr,Female,62.3.25.254
2001,Mattheus,Finders,mfindersqr@census.gov,Male,247.84.148.101
2001,Sutton,Rivalland,srivallandqs@merriam-webster.com,Male,163.151.101.120
2001,Glynda,Miche,gmicheqt@si.edu,Female,138.114.151.74
2001,Alley,Beacham,abeachamqu@live.com,Male,34.33.229.206
2001,Anstice,Buckler,abucklerqv@prnewswire.com,Female,12.9.167.218
2001,Humbert,Simone,hsimoneqw@so-net.ne.jp,Male,204.118.78.69
2001,Brade,Fuchs,bfuchsqx@1und1.de,Male,193.64.195.88
2001,Marsha,Uglow,muglowqy@uiuc.edu,Female,35.51.189.21
2001,Godart,Pinchon,gpinchonqz@statcounter.com,Male,95.80.160.198
2001,Wye,Gedge,wgedger0@theguardian.com,Male,149.18.121.118
2001,Ted,Pimer,tpimerr1@nymag.com,Male,250.7.50.136
2001,Janeen,Bortolutti,jbortoluttir2@yellowbook.com,Female,20.119.27.3
2001,Bunny,Babinski,bbabinskir3@phoca.cz,Female,66.78.199.137
2001,Walker,Boulden,wbouldenr4@vimeo.com,Male,108.136.48.55
2001,Gerda,Stoakley,gstoakleyr5@devhub.com,Female,165.149.194.245
2001,Sashenka,Roostan,sroostanr6@topsy.com,Female,157.149.49.27
2001,Derwin,Denisyev,ddenisyevr7@ft.com,Male,167.38.106.69
2001,Fancy,Vispo,fvispor8@booking.com,Female,165.104.86.24
2001,Park,Klaff,pklaffr9@fema.gov,Male,106.10.135.193
2001,Kylila,Sweetlove,ksweetlovera@sina.com.cn,Female,156.103.236.16
2001,Kynthia,Chad,kchadrb@google.com.au,Non-binary,17.140.21.128
2001,Horton,Dyka,hdykarc@bizjournals.com,Polygender,234.245.12.57
2001,Dilan,Aitchinson,daitchinsonrd@cpanel.net,Genderqueer,112.110.161.235
2001,Pavla,Prowting,pprowtingre@omniture.com,Female,138.21.41.245
2001,Norah,Llywarch,nllywarchrf@bandcamp.com,Female,18.142.252.105
2001,Fancy,Merrigan,fmerriganrg@dmoz.org,Female,150.142.211.227
2001,Nelson,Ruggier,nruggierrh@unc.edu,Male,139.183.79.148
2001,Elston,McGreil,emcgreilri@dion.ne.jp,Male,59.87.123.58
2001,Richy,Hilling,rhillingrj@ifeng.com,Male,9.97.247.152
2001,Alina,Clarke,aclarkerk@arizona.edu,Female,91.149.70.148
2001,Coreen,McPhelim,cmcphelimrl@ucoz.com,Female,117.139.50.232
2001,Jerri,Vogeler,jvogelerrm@microsoft.com,Male,235.28.84.182
2001,Rafaello,Lisimore,rlisimorern@imageshack.us,Male,3.188.180.158
2001,Emlen,O'Fallon,eofallonro@tinyurl.com,Male,36.74.130.116
2001,Jacquenette,Bodycombe,jbodycomberp@auda.org.au,Female,29.247.112.107
2001,Spencer,Cassam,scassamrq@ow.ly,Male,143.149.90.65
2001,Gaven,Rhubottom,grhubottomrr@arizona.edu,Male,136.159.217.136
